,ZCR,Energy,Entropy Of Enery,Spectral Centroid,Pitch,Spectral Entropy,Spectral Flux,Spectral Roll-off,MFCC1,MFCC2,MFCC3,MFCC4,MFCC5,MFCC6,MFCC7,MFCC8,MFCC9,MFCC10,MFCC11,MFCC12,MFCC13,Chroma Vector1,Chroma Vector2,Chroma Vector3,Chroma Vector4,Chroma Vector5,Chroma Vector6,Chroma Vector7,Chroma Vector8,Chroma Vector9,Chroma Vector10,Chroma Vector11,Chroma Vector12,Chroma Vector std,std1,std2,std3,std4,std5,std6,std7,std8,std9,std10,std11,std12,std13,std14,std15,std16,std17,std18,std19,std20,std21,std22,std23,std24,std25,std26,std27,std28,std29,std30,std31,std32,std33,std34,Emotion
0,0.14080100125156444,0.034542248307072136,2.998446164434176,0.21973947489847026,145.96764211997052,1.269594864597256,0.012848450679206128,0.23872916666666666,-24.386966974666564,0.5377951982247611,-1.1947115455939206,-0.259576637082881,-0.03436021092080948,-0.008585621416506472,-0.054578445249837515,-0.19242052288112968,-0.28369688834954127,-0.3964269817270505,-0.08904744851569053,-0.05893163835480005,-0.04381576912098639,0.008120893307332526,0.007309329322229391,0.02174593735414346,0.014478107749750392,0.011077122347003178,0.01899732333237928,0.0171309376675375,0.011108576915425716,0.01135782835244696,0.00650491590019435,0.008505045915037288,0.0036843162472949345,0.019195822126725538,0.0505034165027455,0.032553822505590295,0.35466561979358735,0.05459308697680674,147.00417659693414,0.44846613954179415,0.008717011390866463,0.12292152947145658,1.6915178095959391,0.9992629712110496,0.8277518121129183,0.6665803427176403,0.38230742372547183,0.4648230720081916,0.35164504933244084,0.328886829136485,0.3829043652621989,0.3260571568657556,0.42117581245004704,0.42534622583753895,0.35561723184569155,0.010986421254904939,0.01253072948068521,0.02288528129930677,0.019304853740108135,0.015260583544442109,0.03308879515521928,0.023998392396840817,0.015884447020578795,0.020840388593604587,0.010203291626409077,0.012468692458164746,0.005193288275889477,0.011701541489217584,anger
1,0.143054915135147,0.033249171181203165,2.9919231542880613,0.22425063033530446,139.08919393694177,1.37299326041848,0.011735784277001097,0.25029166666666663,-23.979904017291044,0.5278398500546307,-0.9038214279065538,-0.26224358738354253,-0.06005244251596411,-0.1237699754103704,-0.27206266150554487,-0.20495296315313508,-0.4229121799971362,-0.44818608905857005,-0.054470972406054065,-0.1105700922050291,-0.0017004078347283708,0.009751524383426531,0.004545350159141739,0.016333694082995377,0.02291744757676262,0.02305778074334851,0.016998861667578403,0.018176949240094095,0.013765935304743092,0.0062618550402858365,0.008909080860527703,0.008271921652216142,0.004260783914981559,0.020809916640169308,0.056109899298058874,0.0295385524542169,0.371869053149708,0.04573276324457817,205.13434993833107,0.44358085178581685,0.007358694434131344,0.10490016955602943,1.5739828274156842,0.9102081814280815,0.8082786833071398,0.6816470398299651,0.3578838981415944,0.4200066255374053,0.3051880796460413,0.32017712499059425,0.3587854767881036,0.3852675488340071,0.37478037019001875,0.35877426506232996,0.34330925607839186,0.01607437647609788,0.005138936753954857,0.01634869653956552,0.02509216755535916,0.02795457925942678,0.02506636844925786,0.026129803050797526,0.02183841031542601,0.009046211433627497,0.015773622927375826,0.011016627186014838,0.0053442865868248215,0.012364836923883168,anger
2,0.13201962980040843,0.03979424038894387,2.9914091702618837,0.20918159316465182,125.16108221747898,1.2124625225521766,0.013575947919123452,0.21129605263157894,-24.659123011761228,1.0016640592683288,-1.6051423177594994,-0.24170889986867122,0.04340003585370682,-0.21025906291580054,-0.07372868213518609,-0.36290491031050065,-0.3449329666468145,-0.2780056972897462,0.1699920274568956,0.15081480506061495,0.03509452382791359,0.006355206270962169,0.005872404042818939,0.007128307352189582,0.010557801945714231,0.013528316352969926,0.024114284803961994,0.021383682276491497,0.012270946828707089,0.014329304290157116,0.010968175496841013,0.008406979648134746,0.004221120096336185,0.017680858440611007,0.05552302636011206,0.04409754870450859,0.37974419268954474,0.05356903889259362,121.23793865104065,0.45911746020924643,0.008049282037822845,0.11785445318558899,2.103110721690718,1.006756760551262,0.6640080709326133,0.5062865050325193,0.4520509734782515,0.4145308331949481,0.3462381939368418,0.3763338705839687,0.3559072034444269,0.43432799681918965,0.33261068602688615,0.370461467945871,0.352542220938083,0.008875550961151377,0.008933355614538549,0.008801171379603213,0.012937136955956668,0.017757099879613877,0.033222901218101356,0.027782802810656353,0.01726926122492386,0.02020744699518808,0.014235038380495377,0.010520866150524357,0.005646320526340706,0.010771332856236623,anger
3,0.1489896910611949,0.02924640746399027,3.0958750023817467,0.21458598196656686,95.73136317025704,1.44022955587356,0.009390616212437714,0.2477598684210526,-23.407225251181544,0.6389770189380657,-0.904778443267006,-0.11641216919779018,-0.6901546569013608,0.03309722880229786,-0.2886998541567591,-0.015828912935390363,-0.6068102457342048,-0.2776392924633954,-0.19248772798540142,0.20042390281103659,0.026889720466388378,0.009863128473650442,0.0064583474254408055,0.013302583826472814,0.0139513280699816,0.01261440820917446,0.03214262579641127,0.01222030309478307,0.00232156242414263,0.0057420977220206705,0.009345803989373685,0.0074427061741139545,0.009183098181473292,0.017057955785885974,0.047858640689865034,0.017289790280412966,0.2149546613228273,0.048729540687349936,95.11468495879008,0.32576260140882907,0.0042056664622204965,0.10281578792351408,0.8762416348028875,0.5905691179185488,0.7168965468918979,0.33562488828264764,0.40966310039763687,0.3961609066356334,0.29955939464665543,0.28282445076922,0.35918507824352597,0.3484941155953727,0.3591299909350317,0.40134694549138833,0.3174117235810215,0.01005214740685267,0.00912988464422649,0.020780145107804775,0.01950189637485234,0.011518839725803148,0.028429251191422353,0.014736279519637819,0.0025605492556503443,0.006249074196904105,0.012040713727260007,0.010140995680127517,0.013420193426283786,0.008774732676597318,anger
4,0.14401335002085938,0.033666444404778346,3.1230974249249237,0.215850220751881,155.73791705374086,1.3572178820798353,0.009990597754643211,0.22191666666666665,-23.160478544553253,0.5530563131446866,-1.348759769379906,-0.045508910189793396,-0.7889352281700481,0.11902555714600647,-0.0068728517007556516,0.043552852343186045,-0.6887512807875646,-0.318968920516579,-0.32959808023323367,-0.2110775395199673,-0.017855010283528094,0.010048665681445072,0.005822977230202403,0.016031482240897878,0.0190299903877002,0.021027530105451112,0.013887208860663719,0.0137366473955252,0.0062767053757115466,0.009350878745014722,0.004618086550679657,0.004701785531020471,0.004110894215298436,0.016151450511965138,0.03486005466645323,0.016633624448262555,0.19633145964842155,0.04041448863134588,156.76586788794205,0.28464561712283715,0.0051470895947785195,0.08783573919601347,0.620839167638004,0.5832257324491668,0.5518476496076673,0.3985055033764604,0.42703796539881783,0.35981729593385187,0.3070683136685219,0.3077892646731979,0.3229589618351248,0.43018627034890594,0.4219948551463508,0.3373498572318008,0.28959720670831773,0.013022135470624663,0.009511125101111989,0.021148744383004705,0.018883361508708525,0.021215811724083378,0.01614957064721532,0.019531071635425206,0.009488533436306052,0.011435272679992654,0.008396561352641302,0.0062898017543584995,0.004602128931831703,0.007484708366441009,anger
5,0.11602002503128911,0.029600445488523575,3.0505081390645947,0.2212634418638638,146.0802834471434,1.0882245884501998,0.01520838077091939,0.20662500000000003,-26.204066057390293,1.2409684784924846,-0.8418605334800121,-0.4753392267930004,-0.29373611534461413,-0.22904154841920552,-0.5354469738411592,-0.2583319307658154,-0.015925172634311216,-0.2189157341290561,-0.04274927903965305,-0.0748269022721859,0.06587101097954705,0.01752484619999735,0.006856450813772399,0.014923127059813043,0.022410583549274266,0.028970889680436835,0.01690692959730331,0.012541589775143617,0.005042376271642664,0.01122031078700081,0.009212071206525986,0.011952877698902844,0.024489242875558037,0.02584946640995071,0.05001329737357305,0.03539324652057868,0.2926250242959428,0.05151932785415388,162.2419014714097,0.537583869195513,0.012344274380601705,0.10903383037153314,3.7807049690360706,1.0334404851218666,0.5400767465067536,0.7955507918296604,0.35248188432353866,0.4301396189675913,0.3451525289392882,0.3844109602046863,0.5145975875112656,0.4972406461471503,0.4215791954692143,0.366918962357992,0.36151117120405224,0.023266701355839563,0.009423362347974282,0.016822998562099834,0.039036594809512486,0.04238642626218627,0.02594658508024714,0.020141701862448066,0.010135664064929889,0.022762173836013404,0.011346984052533433,0.019730371709480214,0.02744913634722321,0.014182655789861985,anger
6,0.13729662077597,0.04499795168654736,3.032107844978487,0.2281912678829522,122.92578022029373,1.0262295777781842,0.016497251724740106,0.23500000000000001,-26.07125255725756,1.5722185553243087,-1.2668535183819054,-0.27945763007192925,-0.09100944487509943,-0.2557067058894479,-0.4079402922390489,-0.2751186713092294,-0.32467740657022715,-0.18952110589906176,0.06066381544424149,-0.06319096901694646,-0.046085895898502954,0.009060545143695047,0.005606985648950516,0.010284071960567083,0.020880538268719346,0.020468865160160808,0.021244084343167564,0.017215964991248348,0.006520610496947713,0.01985251065130194,0.009011111505102419,0.010544849502026344,0.01003040916638154,0.022034625168654353,0.10081820319067397,0.06055510563642269,0.31999991698072355,0.0928311633632603,129.85480274208265,0.690693645451981,0.01477227526793068,0.22843777094434325,2.6084789033141917,1.11581636924956,0.7609997589604633,0.6950879466737634,0.3949301708197752,0.36944174876392066,0.34889406412290347,0.3657327678130562,0.3438615947624152,0.4794145280156392,0.48845273009808604,0.3492131147485169,0.36094805541421066,0.015197179289537956,0.008976708730719667,0.012418471244275291,0.026830158631296487,0.029801581597931226,0.035807832812437865,0.0274257199294194,0.010550908980859362,0.030758279796452688,0.013663122100785383,0.014597099721608432,0.014853635879338571,0.0140553942810677,anger
7,0.12595431789737171,0.08091310941704412,2.9457611910949817,0.22466956729517007,189.79027160822443,1.0966225915608836,0.019259604469891556,0.19015625,-24.090643397046353,0.8626529654577946,-1.3431274520233523,-0.23463405876840665,-0.22688304993770486,-0.28233993558521686,-0.5499894259409445,-0.23224141455826208,-0.048054480833077784,0.2292695211099151,0.059587519625268766,-0.14992016081772208,0.12148493167937204,0.008341824808609118,0.004962617337435224,0.004569202243711899,0.014398157726249871,0.009557026584493988,0.013105422722495513,0.014272979425330437,0.010076129918646134,0.013836236450921451,0.016172483791967136,0.022861348975129515,0.022245137132521835,0.024879020108533496,0.04018970728874245,0.07723945698396421,0.4330597578427988,0.0445501470366721,198.13945865676882,0.37143652931321025,0.014971132177191895,0.07854571896165669,2.312391613206495,0.9383807236289456,0.5882850178068793,0.6393804878821269,0.36049219790498027,0.4171489878261145,0.38582659066476926,0.4247562802758758,0.5900953788956342,0.4289711087617042,0.4365149483820293,0.451457120318111,0.2907892213323246,0.01752721139900541,0.011344964319493375,0.007186804793350174,0.01518502026464065,0.012886732428971117,0.023259264840823676,0.02046362329112709,0.018865704725202943,0.022002056650123867,0.030087688577404136,0.029318694876202464,0.03472850891945982,0.013112036955996194,anger
8,0.1283663790264146,0.06009155836660742,3.0473445686097445,0.23064818167365103,141.39561741072953,1.0514796272720448,0.01403920298337381,0.20727236842105262,-24.578407260483186,1.1485062992123476,-1.1862717510722516,-0.44957419338096605,-0.2759226635904229,-0.1434751060099004,-0.39446747448992675,-0.31942343993688793,-0.30860060019950225,-0.09729739914118259,-0.05140492927606877,-0.09927043958363056,0.050712035913105524,0.008881178767102496,0.007979875590186446,0.013745018949242613,0.015479176511816638,0.016303991949782035,0.017717523369490572,0.013597631204583596,0.008397085160176862,0.023888071855145358,0.008794113876722316,0.0062789760567805025,0.00897965797965286,0.020105115019111334,0.054824614822756065,0.0668607923847204,0.28407254779713764,0.0543029639833173,138.79630416624497,0.4692365042019679,0.007987072807057027,0.1293420703614738,2.22160786424262,1.072014686233584,0.6035933247829475,0.6743726479744475,0.4090444373123222,0.3321219590249813,0.43493857069711206,0.45288217598634456,0.48990629136586444,0.5316646000061814,0.4821309862984979,0.4382739549399055,0.35946924666441327,0.011288559100257393,0.010623336132426895,0.019464414709950566,0.023851352834799118,0.027008369798937025,0.02585501558829245,0.021433375242570028,0.012704287389034433,0.026582301519304585,0.015602526249562102,0.01079937174380877,0.016159791295649775,0.0104192878585044,anger
9,0.12443679599499376,0.04542592195132562,3.025015528620394,0.21454180827067607,164.38928750338798,1.0206866339178744,0.017464413088109112,0.18966666666666665,-25.243343846931236,1.323854710123517,-1.2299096665096163,-0.4412083885969001,-0.25899680385557416,-0.22563936326648548,-0.5518077684277473,-0.3583614407131373,-0.24723462143352196,-0.015758802758603214,0.09170575501850727,0.00410906374512401,0.09327158379911699,0.012283019299440137,0.0075280187990702276,0.005686657250417476,0.014468208618226676,0.02111082545498859,0.024460654407546616,0.015459571031691412,0.008060954310240639,0.01835654960877395,0.017801327756222233,0.01438905789220256,0.014860213092899609,0.02512218770134411,0.06896980712281865,0.05543304191103274,0.3372028343654423,0.06384131210167504,164.86709575353655,0.5503140944555622,0.012539955494225005,0.1303664179837667,2.463700309161829,0.980139398809003,0.6794562778892774,0.5592696839356445,0.4703814773767956,0.3657293023417711,0.3440379812073586,0.465674630177088,0.49567386019248,0.5652877415796335,0.4062619265615117,0.3189277438237792,0.2926817939318192,0.022799922813833307,0.0170525537071242,0.008071228375245217,0.02787343203019875,0.02993146427315499,0.03706236704064217,0.02225314256415165,0.013216088893886735,0.02576367074506693,0.03282459688593974,0.02062679663896047,0.021457332693580553,0.014014446989255419,anger
10,0.07843752058494172,0.04608393200792994,3.0232467982494002,0.18165461774104436,120.86748641670957,0.5511317885404858,0.017083236709014512,0.09591447368421054,-27.061554356493293,2.310348301315232,-0.06022442250193777,-0.08077909583552158,-0.1054512718715184,0.2915835371976951,-0.16652185718219442,0.012574781255537293,-0.11116253146104287,0.013550296537934867,-0.14573186319944775,0.05333938722283982,-0.05168929138442172,0.02077008275067143,0.005043124355556698,0.0383362372818971,0.017638099833512715,0.033797716493490296,0.017945577151965292,0.037167658116569566,0.0021261081883789225,0.006600713711075186,0.014944389011751668,0.0326407001768282,0.0081715541330062,0.03025757038420792,0.045089693528652955,0.07105889986895551,0.26195323671466014,0.048730349494294195,92.48205216413417,0.33909385766443495,0.014133276770094355,0.0767329815213181,3.7652260224195886,0.692618423926159,0.8018806217071026,0.6109746962927786,0.48676136958964705,0.35253264809675855,0.34946903938351015,0.3272228166266882,0.2815420102884835,0.2787334810331582,0.26785236590912465,0.2765935410917204,0.27384306761801885,0.035604710441063905,0.009055198039453087,0.03831616552207022,0.01995297087728779,0.04223527403320425,0.023755679448459112,0.04030056607390018,0.003157076024138045,0.010422757498300683,0.018360457917983335,0.034082137686635386,0.012878858444922824,0.013282540961419278,anger
11,0.09608439120328982,0.0655078284856969,3.0310215655662285,0.20305957522559034,104.99155725266066,0.6886289280201463,0.01406744386219809,0.15257142857142858,-25.823965887378687,2.2070594961215915,-0.04851813604248859,-0.20226239501143178,-0.4317407513912476,0.19071128098674514,-0.1270428386625651,0.12216128665839258,-0.16975126945867974,-0.046824679510507124,-0.2789584005669213,-0.013784365637588003,-0.15590434004443776,0.02204582547821852,0.006754146718884952,0.04653683875200561,0.02012960547052316,0.02390062591377398,0.014943901697789178,0.02764437141805193,0.001998088339583791,0.00885913343934047,0.013478289559915873,0.022918998668920738,0.007628325833429638,0.02973307049076712,0.05426731521569981,0.07684921376898493,0.2864138330410189,0.05233013513017376,64.87359017163678,0.4219628715775713,0.010033883715122744,0.11461175684180215,3.3463019881576526,0.6910375300949033,0.7302124828529245,0.4889875215889455,0.5039236723611045,0.34969355413191294,0.3367419336001265,0.3468278846905067,0.2816339035074097,0.31964443983218127,0.373934004555447,0.3126538166970766,0.31223340650632825,0.027818324001590785,0.008566814300445603,0.04694666912808125,0.02405633340828615,0.027805520740599592,0.019769382755605993,0.03242492741681651,0.004001355841302789,0.016361521734910685,0.020534286734324125,0.024466333847809597,0.01329718861700777,0.012931497021839414,anger
12,0.09516006850668599,0.04511325914961818,3.066853380869461,0.19769159627387362,108.0234434114288,0.5569275187243139,0.0209980527445173,0.14652467105263162,-25.752502162641736,2.4404733949702964,0.3247568062062796,-0.1658458513776197,-0.39365712253600177,0.18174306080860989,-0.23400759187144426,0.001354162857030404,-0.4293411113010885,-0.23692207026708917,-0.43705252411385687,-0.14773943095205075,-0.2418585050846891,0.03620754775392303,0.010185495393621388,0.048221092853586126,0.05377492811901534,0.019290774773970485,0.02462376509857051,0.01544656755293841,0.00330187327939443,0.002733477156760445,0.006800068257097253,0.025495349701828943,0.004492325707104903,0.040794451840493344,0.10249036517453926,0.0632724986954702,0.3673170109373562,0.08784817303979761,86.23745229788443,0.651081988948925,0.018035882965161718,0.20072892542663007,2.6921437695862838,0.8068068959191326,0.7009534966116567,0.47355972016609105,0.3697052317318099,0.43597998678060923,0.2984300567092094,0.33111004224343255,0.3065292254848158,0.2646993771966544,0.33270414256393,0.34388798513013175,0.3406845161061588,0.0452135236808775,0.019432524610652493,0.04931763294680715,0.06357152533430886,0.024274333691944337,0.03146606003547918,0.0215283559857398,0.009018813708342848,0.0035716473347428474,0.012931278240905503,0.03396318936264058,0.00896660589608075,0.020212666343827644,anger
13,0.10275838218826164,0.028267416197298677,3.026448987513994,0.2210186979549712,111.0902055777578,0.6291589612168675,0.015716901259475384,0.16830263157894737,-27.195209487971805,2.338745550533877,0.5737034617639913,-0.07154135221096879,-0.14592168559232752,0.2763998258693854,0.10428264813219987,0.19543019230404668,-0.23266813244851575,-0.013082669632119945,-0.17520069705178687,0.02003796055837244,-0.10060415364253998,0.015713886233635607,0.005739864227660075,0.04994291004912778,0.015761915314566843,0.03608912884704839,0.01586857658749674,0.06863212974020558,0.0029801772036139856,0.00479385728387021,0.014104767307741344,0.02166416640840587,0.0030273759572349403,0.036952462117549136,0.09033360246199174,0.042971977483127956,0.232297579553748,0.0937884300220441,106.68746171854215,0.5446540995423752,0.011651896115392708,0.18924364740236355,2.7979014107300015,0.6862744718695748,0.862909318949967,0.67120005642807,0.42143117990716766,0.38461597505500666,0.3439075216139204,0.2856699306018722,0.28287531845468844,0.2587789043045869,0.26761950184403926,0.223763996364328,0.23384640765687686,0.01947931488493292,0.009445136956216212,0.04652570670378055,0.023192383910328674,0.035119434374863215,0.024032791143392622,0.07827669150510069,0.005189475826361988,0.008399848141116049,0.030332751971188014,0.027065659449897982,0.006178013766840502,0.01944091789906484,anger
14,0.12578222778473092,0.023974886059236384,3.1065415058986177,0.21287001290421967,101.45151756811345,1.1496864280540493,0.009701340198635318,0.213125,-24.09280082516021,1.4864893210160088,-1.1254781434708037,-0.0030215793693140203,-0.8267907739939426,0.09272535684089112,-0.02071664666957178,-0.057397233964556545,-0.3900865852984705,-0.2018434386214217,-0.5366026448352179,-0.15712257640473506,-0.2637736699199973,0.01844571674005321,0.005751282117672456,0.023936834890023725,0.041764886023657265,0.014880976918017957,0.011287087603623241,0.017135943282235028,0.007753744611562999,0.00425077241901117,0.011404577981479938,0.008936402357082956,0.014488355582544956,0.023416913301103126,0.053921144213580775,0.01949627352054889,0.15660579778994477,0.06336625459594002,87.87005614683193,0.34795915917865766,0.005096131582715724,0.13408948759387065,1.350982244563859,0.6379427654762732,0.6122483886751727,0.36930247306074065,0.40748288307452135,0.3782742941244012,0.29223852148173046,0.31256215895495876,0.30290512956166865,0.31373479648761254,0.3054705011508532,0.3675332171489427,0.3534888528709388,0.02945444646297221,0.006702798258542045,0.0246261266731251,0.04461645773684745,0.017088877044427492,0.01951450742412814,0.019606735498732656,0.016429537466403528,0.0048454955055663,0.013585089890336743,0.010499284778141401,0.023031085475603983,0.009653782398374345,sadness
15,0.11608260325406759,0.034014237181446666,3.0059449403751146,0.22764694504930108,98.7568755548662,0.8863992097301443,0.012341553533184066,0.18616666666666667,-26.275516981223664,1.8157645686216464,-0.6938939997004302,-0.050964826594457814,0.08760368257575961,0.10314658190310828,-0.23230852954293033,-0.07817149902440777,-0.18127604326631644,-0.0505570617591365,0.07756707243827672,0.2220683180613304,0.13854555530217186,0.010503043036330791,0.002965656916209085,0.03280333948388204,0.008646934381159727,0.016898385265938117,0.009591040493824178,0.051081124863070315,0.006628611471407195,0.016547335220859466,0.011700892394405965,0.035129565867337786,0.009601453391232393,0.027366512166173283,0.06465752790381443,0.04627641319541365,0.3295644385058812,0.06442321292421745,87.38131884688055,0.5489654255407598,0.010160432692815434,0.1425363763926104,2.6508568880203245,0.7020907599359809,0.7768088073338896,0.5772220519414768,0.36428675053204146,0.3751576006547938,0.34806789256862,0.29039843970846896,0.24179385062242198,0.3514510492869138,0.27218229346489625,0.2548761285416601,0.2531641388630939,0.010994985616307143,0.0031938565774613306,0.034919074275153734,0.010714034127887498,0.018483607283918065,0.009643659589627936,0.044376432780715735,0.013796530672532975,0.018007974119358894,0.02018117488217567,0.036653071092602164,0.021607508239354086,0.013715472385528013,sadness
16,0.12398228048218168,0.07053736388140519,3.079367244166401,0.21074695557315937,107.74288876191616,1.1053560767651052,0.014840862724673734,0.20705263157894738,-23.6938328597356,1.297598867426558,-1.049275904304653,-0.3019472275036181,-0.18570249217077334,-0.2286790500627393,-0.38510625040510205,-0.3103308931844064,0.009988924065085059,0.35396372811052784,0.1283198475715534,0.03727790105990123,-0.07065842093069094,0.004217926985972346,0.003213270640512675,0.005664762092659679,0.006881394838174736,0.007120138779799057,0.008665926384547887,0.012523574947419746,0.00959499911500658,0.01229133019350541,0.012129927366343732,0.034217188929302964,0.024538302516963324,0.0208893392013245,0.05714377828122551,0.06037299976045098,0.39952181591577435,0.047932488567772394,124.27649171014593,0.5594990809880968,0.01237216206756736,0.13755209300522042,1.5151002125805277,0.880291762755387,0.5255399147942779,0.6899130401928529,0.40409198320145384,0.4590597534459426,0.5887533072243185,0.3066346415497216,0.45506597562787365,0.4973989679022238,0.4228133510682992,0.47521888713306276,0.31142431426139155,0.00469671613458526,0.004341834781861527,0.006959994054990501,0.01089562800949381,0.008654870116884018,0.01796444373466503,0.020315493098941526,0.01499376594418023,0.01898751090764508,0.012935907355006014,0.047541134558139665,0.035942717373282224,0.012897414295163157,sadness
17,0.1447855872472169,0.02641119416457669,3.0737089792964793,0.24449380909502266,121.51765248415276,1.1623016651766789,0.014090356028195417,0.24440394736842105,-25.065905921181066,1.3504885016818995,-0.6809904883558764,-0.4344435291782551,-0.2085025267325597,-0.05264390995998712,-0.40621612003366236,-0.3300318596883619,-0.09480206464911298,0.17266210184705524,0.2008673172229208,0.22426706841031088,0.03128121921649894,0.006981551803543949,0.002290620880969295,0.012573440776903339,0.0077739497992133436,0.010925546556374267,0.011907085891338853,0.02648584173734675,0.006361952007092689,0.02317820722751754,0.02070926725374352,0.019939165831350025,0.011586543381895596,0.02207342347174779,0.06903448517548812,0.02293805641979727,0.2961887059588718,0.06537176610473891,128.9163560411256,0.5437273963418118,0.010630235315966574,0.15216120183377918,1.975430262379009,0.9480806436027922,0.6929015887890329,0.6194988729867351,0.3877755298524054,0.3468492917627326,0.3922767138919297,0.3519745190525456,0.4239657094535059,0.4400081655508454,0.4011998554204005,0.3973954817783696,0.31274575780088326,0.00816108687240637,0.002587212264061878,0.015056290574645085,0.011761336188801107,0.011174582091235846,0.020104588389126838,0.03638299679448054,0.01089383055337931,0.029670765618704825,0.029288977514775067,0.02710902387615317,0.020133945834493412,0.011062197337908825,sadness
18,0.11384021693783897,0.04298740572486215,3.0193012546773805,0.2040659588858064,106.23605078291898,0.8142080125902956,0.0176054447459608,0.17770833333333333,-24.463091536233758,2.0015586781729904,-0.8328495005707133,-0.3717381790332654,-0.16043854098970478,0.12069992019193228,-0.16060256375629559,-0.29011712603516127,-0.34451031397754295,-0.1728141079697811,-0.2007720974295182,0.10874808449950457,-0.019757262212457483,0.004647771343483567,0.005862629496382817,0.027096329523704322,0.0291564072119281,0.019025511377694884,0.02202734304646463,0.032115993406476216,0.009173830723948203,0.015312254327339576,0.011367787269323975,0.011301102924241148,0.003317457524343282,0.026504595140107234,0.08561674267511295,0.036891483561917265,0.3419725407314493,0.07911629516725038,99.86363767820201,0.5220753559246823,0.010636805256424317,0.15956700743023264,1.99781281866197,0.7960944972136194,0.615234118154494,0.6099778848920109,0.33141897392909375,0.36516268949685443,0.3433395529876802,0.36052917964132697,0.3347873789461637,0.3275610109750481,0.4365045791561137,0.4859169942363027,0.32618556680811306,0.006160996700278542,0.0114681523787459,0.0315699292471555,0.03328424215130855,0.024155008893705563,0.035350771617015754,0.03629801162343172,0.01848383249381542,0.025057968304091877,0.01792235500701973,0.015847485236751908,0.0056851924574686215,0.012789609392165703,sadness
19,0.13902999049563833,0.0433968197059724,3.0270435387435426,0.22511352102577073,118.16240469442111,1.1153688250738483,0.014220011013496101,0.2301503759398496,-24.233191580578143,1.3941759834093415,-1.1288241461084627,-0.29528264080113364,-0.1330323477010003,0.10947075467529856,-0.22458002534999325,-0.2200446702073159,-0.34033212953931574,-0.2806560769263019,-0.22974111850774462,0.24301084155599068,0.17743618734983424,0.009286203945046879,0.004438429030069367,0.01370470931162222,0.0180822188439184,0.023628884163627663,0.02745021064757196,0.020028395067756537,0.00614393737709881,0.007516080785456377,0.01256144302092807,0.009895915286337929,0.006503629839990518,0.02152997063375837,0.07938857425761081,0.03491310041029216,0.33976708913925163,0.0727428438051299,135.1662119833486,0.5539389087591333,0.008701710204514393,0.15693377971600006,1.7121400572686014,0.9592929052035543,0.7161007748798368,0.5568345973940915,0.465912851357722,0.3654695391695138,0.3396421003469189,0.33212214743941876,0.3324818944593972,0.3263973818181758,0.36350582655847574,0.37664058789524896,0.33835320144750797,0.014226448709558337,0.00637622047205519,0.01783335046946027,0.024185866082975765,0.027377686762325437,0.036842169499759755,0.02553788954992637,0.013125058528605396,0.010507196842823644,0.022742831148101,0.013806545066042503,0.010343920970577337,0.013159071481726717,sadness
20,0.11824715104406824,0.07768702813544089,2.9830109055565956,0.22490300260586088,128.23813436010096,1.0988903428410408,0.018467214686846263,0.21583552631578948,-23.90272575975439,1.4357716236974318,-0.8212536875175852,-0.468319528827823,-0.5083434284846788,-0.3058729390434653,-0.5114934597397834,0.07582443549760395,0.3169741829351387,0.45322582297275016,-0.0067683973251112,-0.10129778682985968,-0.06697630001196135,0.014513903217026669,0.014029269365655666,0.009749303556846936,0.004858172727702202,0.004849557171160507,0.005556944043276014,0.01579329393272059,0.0020249847876084534,0.005603417929669502,0.021301182556181183,0.03596947322837099,0.03950430650470392,0.027385087864829145,0.06343583566348224,0.053631133750259116,0.4196025487995323,0.06808557540790562,136.13612029224453,0.6570614839208228,0.012930058634754011,0.16419051275657326,1.6854039325707089,0.8219864540358163,0.7508367337372603,0.4499879431879458,0.44905623909935405,0.32334339920127636,0.3997126708104009,0.3370780702460965,0.2645439217410157,0.3550261326331663,0.3356753055235812,0.2729272712851037,0.2453192408912217,0.020158818668413882,0.02248635737745679,0.013124471298163692,0.005671174699135474,0.006179090443168574,0.010179964893771844,0.02350624985957763,0.002998972729972439,0.009438208697438069,0.025450684458471255,0.0400428133422777,0.04029426661167183,0.013929892564132467,sadness
21,0.17377972465581978,0.017195400455531782,2.97544996238033,0.2652927240219976,89.37428710548204,1.2731537861077924,0.015392262193470058,0.27366666666666667,-27.484692410854375,1.0825765875865476,0.4145498364052383,-0.007236712008959552,-0.5345649109562487,-0.2849806804556156,-0.24400960552000808,-0.6136455162203946,-0.37330080989979725,-0.37034678157094936,-0.23124225602662285,-0.006528395362017593,0.045778867641482535,0.006163733199207978,0.001744561898697445,0.02097449802719593,0.034458049718880036,0.04176081527806714,0.024885793520867394,0.0143981405182889,0.0021160525097425483,0.015706478700554128,0.006478407925399465,0.009202441062814891,0.004180360445927609,0.026990146440218844,0.11902340254910122,0.020690861313073138,0.37685597731944415,0.0942303406479107,86.75929852178545,0.6179965216176054,0.016552304961359215,0.1809227959504639,3.7056857600566793,0.9382647265494916,0.7509338130535351,0.6748790425665806,0.4139001411364233,0.37782283095024743,0.2779836730513631,0.2910140554325076,0.3026087161638147,0.2847326907140892,0.32442519954587845,0.32127948546741086,0.2878913026160626,0.007045617030313378,0.001778903208354228,0.02940139325856669,0.045570821675373734,0.05236251131628731,0.03995966876834706,0.022244057766062406,0.0028874552609895487,0.022299379979541196,0.006892914711889316,0.01012658453485979,0.007393929016307301,0.018990213916479856,sadness
22,0.20298289528577385,0.011342821183102753,2.9918301459972505,0.2843383860900594,73.22202467715125,1.573489493255692,0.009873845266639354,0.3280416666666667,-29.320622240061994,0.897149889765084,0.025364537682791777,0.17735197682588852,-0.45878555179992486,-0.3546764077861968,-0.26427305468991996,-0.45245211375691025,-0.2995838169726771,-0.13600749205731727,-0.018119472944854702,0.14239620066754177,0.07072887938394462,0.0064779945244452875,0.0027201307893021166,0.007777343447138711,0.01799612852074679,0.03511758687304564,0.022220704508891853,0.014843978323549842,0.002768389969049375,0.010037824594215842,0.012187226681660964,0.010600975910133112,0.0035578000581215617,0.018221548532727103,0.11005708263947471,0.011761962464538762,0.3920041824810121,0.09995341505310223,72.06988908200137,0.6083814146536589,0.00751288595150337,0.20467654991823592,2.3271051879240283,0.8651860713627549,0.9185846367330553,0.5888800108212825,0.32172497876111705,0.44931125435965197,0.3770146259598635,0.3019847841067819,0.36146265189044463,0.35437633594908585,0.3384651121145447,0.2400342444163127,0.2714655575383724,0.007659611428827877,0.005667611137702914,0.006499984053499838,0.029552138003137923,0.047826454940658854,0.0250658639183053,0.014498810484158943,0.0033023880284861937,0.011198771049736609,0.013256339229639433,0.012143244581926149,0.004170861244048569,0.01511968154142844,sadness
23,0.15638297872340426,0.010544870646655121,2.958410827480593,0.25920890135141794,135.70474152860925,1.3578499402661066,0.012507795127710719,0.29622697368421047,-27.139860469153646,0.6403526701014324,0.005691512784488734,-0.5745382220258555,-0.7233875302713154,-0.09268229357515101,-0.6230549055749595,-0.5426846090757266,-0.2767319740280495,-0.20168628966121907,0.13748957899126613,0.31838159050155734,0.3270469981998001,0.00550101040792858,0.00873986251807699,0.0027889249334983857,0.006218781653164406,0.015623710576571546,0.017801198419427264,0.025579349623121816,0.0029562984927153724,0.021120988358825678,0.01707936334211021,0.00580549260770538,0.0045691376096482945,0.017789348550356826,0.06916071450114442,0.010627774113264226,0.4889124065296142,0.0639401234980583,126.52285483103608,0.6174336861439259,0.010339950797235688,0.18244291469149904,3.566907775008433,0.9921526132238463,0.7212595238296349,0.6667803770766403,0.41547163437606055,0.42323433898787244,0.3563322165970985,0.38686893939795436,0.33975020744425233,0.5729824100564775,0.5982680897284565,0.3549548474904473,0.3163223083424539,0.008882469212370857,0.015788640297943916,0.002946554873908565,0.007653457708104057,0.01994259105041844,0.02354794922042331,0.034205789951542484,0.004105650146526129,0.03213038428540191,0.02744948187451548,0.008034619369402828,0.005623259570724561,0.010306571466108149,sadness
24,0.16393188854489163,0.0189985271300988,2.9006659681979157,0.25353461470969674,146.1987486965273,1.3791887719025306,0.0130420740915452,0.26595559210526315,-26.19130146640749,0.5175501371783479,-0.3536649038937608,-0.6462330699392803,-0.6910732236356057,-0.3561697337068996,-0.10786090215770613,-0.6617047704154384,-0.2786022304151351,-0.056339652371654586,0.27843484234617155,0.30622570657776516,0.1802479124045807,0.005706406431953451,0.002641195937778186,0.0028260683717455585,0.003575983992461263,0.01623729246809418,0.019398586202328556,0.024462618827781533,0.006676448581302281,0.020294349380460253,0.012289232729596169,0.010497912293941352,0.0037444657106045663,0.017740258866946336,0.05585762389416619,0.01722999441169792,0.3471916091079976,0.05117311614299842,193.1759928707989,0.47529577192833555,0.0065251009499687155,0.11975927139725666,2.150986286920054,0.8736601083927074,0.8314856073592551,0.5815447146665405,0.5123615006090937,0.5329666341682794,0.4201814545793091,0.44275350018654286,0.5125644539015393,0.4811585665933903,0.30020698087039943,0.35992333015742184,0.3138253276929774,0.010978812028024464,0.0048348524628421315,0.004311358543292602,0.004506668007332162,0.025062207003697965,0.024259739102137832,0.029370877502689973,0.011147970100025818,0.022787874844803754,0.018300601316723432,0.015753603532526143,0.005455566827654767,0.00858085538035245,sadness
25,0.14974705223634804,0.013107792141457509,2.959737487041071,0.24311030175468148,112.0128210267537,1.3060748238111999,0.014781468614678328,0.24933421052631582,-28.92487195919984,0.7753152666637317,-0.1930775519790146,-0.08074843767533613,-0.8129131799361407,-0.23230058951139845,-0.33832747903329363,-0.5273661997642017,0.3188008181702771,0.35770987737966037,0.21963989006072734,0.053070281222336604,-0.09180838957634359,0.008496319505694473,0.0028080000909272316,0.004604223501345654,0.002504724356050353,0.009419366569606036,0.007089929162559612,0.014582451751749373,0.002646135371066719,0.012861358260720965,0.028498855205058904,0.026921859364402733,0.016407708515998442,0.018482269909459136,0.06427266539912112,0.02437788273974924,0.4015436244531889,0.05392792082607163,142.60336639197484,0.5555406058758369,0.011299779517194197,0.13507085707840966,3.8397474759362473,1.1871005352451975,0.7014884437663315,0.5635942050620181,0.49007760432597447,0.45799326849555466,0.4124412174819316,0.41306606774353155,0.44012091868879866,0.359606904915169,0.2951698046623664,0.2989848114867055,0.2214385624579271,0.007792884359382665,0.0029945523502292594,0.00632437722664232,0.002943364794442928,0.012762200960085951,0.010256423830040662,0.020125278105756053,0.004224571968857263,0.0185679045810566,0.030688153010478898,0.026269351583574553,0.02516554987576794,0.011295277842326996,sadness
26,0.19117647058823528,0.01806420572899995,2.9872453536199566,0.27929593707839356,122.04385736187439,1.3335794133874683,0.01527058608634875,0.29128125000000005,-27.799342768790556,0.6788678061744848,0.006047541040912638,-0.45112635893908437,-0.7577094811754361,-0.3737097274281374,-0.2821530309849796,-0.47978665382622077,0.11522902073531646,0.04802697542392674,0.25007913922249503,0.08892435348432981,0.06763048588316085,0.012215609807778895,0.006622977938400908,0.0036590897909098345,0.006212570095929677,0.010456841738379638,0.012227651258158142,0.014289460909589196,0.009256394442932699,0.020940094240548664,0.0120935365238333,0.014703958945792087,0.008673787560541081,0.01901385946667066,0.09365594196880599,0.021874960693293623,0.4030521280173154,0.07275410315519519,145.21957871053226,0.5332403052140415,0.011091429422637782,0.1592370366767459,3.4975530129469607,1.1446384881134726,0.8575979976450363,0.5508022831097363,0.3712092139041392,0.5036430687300744,0.40122601318898093,0.4947749811405093,0.5318440412860655,0.5000825737787714,0.4094194172271648,0.32523054924918254,0.30209501138200506,0.02140290071677321,0.01269200380206253,0.004805651422560599,0.01009469687462703,0.01965031576730829,0.022829236175651912,0.02020720740321259,0.018181899795343123,0.032731647805999534,0.01680150830920153,0.022597938426777774,0.011621560683554608,0.013983023245657677,sadness
27,0.1498213227060141,0.012706490724792758,2.9335593399912017,0.23475061994115692,139.08214482417247,1.319630288166281,0.017074827162194,0.23123848684210527,-26.61795936691312,0.4488563829705429,-0.6577396557059335,-0.3537371784242431,-1.022279496182783,-0.17119154873220885,-0.3136740535947661,-0.5573711334445521,-0.05374739521038883,0.08726410197792078,0.16413274271216036,0.3044251118107514,0.07658087144090173,0.012730758443462645,0.00712889392588086,0.006069127191792992,0.003483264450445754,0.007498154642334204,0.014856994174609789,0.018605162169244994,0.006508516030671975,0.013285266485422692,0.01580543868686535,0.011224300955808007,0.0068880424519307815,0.01705550462235628,0.05524788939243198,0.016636115942510743,0.380161947986456,0.04700381137836455,202.95877649663254,0.48739375573774846,0.011890627464154483,0.11234823935065555,2.351542021846033,1.0037068387469659,0.7283173293814837,0.5302847344238508,0.4398201175873285,0.6250779089207528,0.4886094236472097,0.48331599940081593,0.46835776702358356,0.538567492770639,0.5078469626313641,0.342906711165208,0.33326829645428563,0.02105501584558541,0.012345566623945111,0.010480514391368717,0.0050333742506741596,0.01213909798226514,0.02195892454445717,0.02881325508594247,0.011444058980122199,0.016955238754430113,0.026260956978471108,0.01667909044309891,0.010219475198482469,0.010936815166215523,sadness
28,0.19795577805590323,0.01232862737854922,3.114995580522933,0.27772171931840056,67.58457440140442,1.8192797271524357,0.011660756100110416,0.37108333333333327,-30.862595490640473,0.8211858626393816,-0.07141134254216035,0.143715921137332,-0.5600302827050402,-0.07682110821453318,-0.17219912836423348,-0.39983082944921833,-0.2949529406968818,0.07903761680068923,0.10436194894074119,0.35348527222474435,0.0640379055866291,0.004810604141556829,0.002689227272735722,0.007328732730879309,0.005502665044596635,0.015435117018642757,0.016461930481279963,0.02457366187404396,0.007932796328544899,0.026563363384126997,0.012586264007050254,0.007002823531121807,0.004003604725287479,0.016822043892108538,0.07064618266705432,0.01077212925182639,0.34282275996914874,0.0663289956212921,65.67984981393828,0.5994823391155889,0.011534106056540058,0.14126686687831272,2.1134213152900254,0.8607216250757296,0.4952210783649074,0.4221728527134547,0.3686344240968573,0.3284269722268653,0.43380916079324666,0.23274957637111457,0.35949522836317155,0.32488091808124153,0.25854391188184195,0.2613887514692048,0.2027352521960227,0.003238494827144434,0.0022021398187610105,0.004897022346851453,0.0035200474577771553,0.024300406392559957,0.023286193859391402,0.029503443117531242,0.011679674289880683,0.03533320657213474,0.0173006299171828,0.006261418215585381,0.0037095443145554637,0.013192386444785958,sadness
29,0.13461618690029203,0.01687029892924457,3.0559506511734953,0.21893462437901753,108.6679542355232,1.1067957242957283,0.011399484295400419,0.2271666666666667,-25.250321786808396,1.3914339115413832,-0.3977043642134716,-0.586513992341718,-0.6519296149160686,0.07690425636175201,-0.17697592962320355,-0.3261710708013906,-0.20491165996441077,-0.16692252650702707,-0.4070258475170616,-0.25113842664752145,-0.15980635986446637,0.013487125664096369,0.009274714690342864,0.023906992884802063,0.04436015534951344,0.015636066737643544,0.01797267435165178,0.011168190842121962,0.00477703594249868,0.005284273761029387,0.009661305254055178,0.007751153471640223,0.011128323945688733,0.02302071727448741,0.09311688238487653,0.014634819494246989,0.30751498373452396,0.07716464266186011,100.69228868682093,0.5185767854547438,0.006467066214686154,0.15699945595495773,1.8329621564373284,0.7307348477109382,0.6383611182625019,0.5074681512438437,0.5389596827497797,0.3803544992601076,0.3884603054073092,0.33883258920743203,0.3212698639893126,0.27301909026799465,0.2942578136862865,0.3205009640643251,0.2717026973176726,0.021334363327688923,0.01573951353695555,0.02808306084985665,0.03923862620178631,0.018583371753543115,0.02203628672206426,0.011379694851015547,0.007917242806920431,0.006473906486484244,0.010282632361857799,0.010024223904545177,0.015172064362847362,0.012636413556247887,sadness
30,0.14053669060009222,0.027181581126830983,3.0247608505395256,0.24230570169557109,110.52223583517166,1.1585742923270004,0.01333695315894539,0.2241299342105263,-25.918291024611666,1.6196273927549893,-0.4349133982558584,-0.10256731280359782,-0.5604283720004771,-0.23864602885798675,-0.20325032742595456,-0.4454559280499387,-0.3697109557951306,-0.3532179157696642,-0.12216348133811564,0.14722428254043418,0.044344589178183645,0.007710331510919825,0.004510203326301352,0.011766318087849134,0.056677722471954226,0.018218458771044145,0.026420651008988792,0.024355567616495395,0.002204725827239779,0.011067927279637528,0.007126670977192838,0.004527319353361873,0.005781162116618263,0.028425199110132846,0.08964721377674584,0.026139661253049562,0.3171113906396679,0.0740715142749089,156.5866319473275,0.620700439807314,0.008664691301940319,0.15995335228822924,1.9327908048624227,0.8956733038519813,0.6625172691946832,0.41516379244869345,0.542841410429305,0.47548359702851517,0.405210878824846,0.3191171604052924,0.29148341935958844,0.3264883691228472,0.4375166254235465,0.36797068521585313,0.32818304194812775,0.010134758553318409,0.008327575350998224,0.01535098571981506,0.05809166247045855,0.028233581716483533,0.03877593578466231,0.029419292852891632,0.002721255790996599,0.014323000512326104,0.00889738258244663,0.0037485680733129125,0.008278625894312835,0.016193328947986564,sadness
31,0.10597018202577783,0.03577217198689029,3.0588706216926624,0.2130944867919805,102.88941245141694,0.9470148982471693,0.011622026406324404,0.17700109649122808,-26.597595305869277,1.4638921469396131,-0.0838643598118977,-0.2732713093420141,-0.555926593367003,-0.14019034097605865,-0.3744346456710259,-0.5470558577714834,-0.19714795036753605,-0.12147076519168952,0.23632158114728363,0.17118364510301812,-0.08195733457708188,0.006934012964401482,0.004687074394811028,0.005990752290515578,0.08574987778987105,0.0076050236929046874,0.012404067128243894,0.022079220016956027,0.006156363875583313,0.017630669892695624,0.010266314006840397,0.0077284987595590575,0.009128960865263325,0.0338456050940671,0.052044996758109884,0.04855574091815049,0.33707440075694306,0.037653007917158095,96.35172994584003,0.5073791933640662,0.009297994922183276,0.10157430983721977,3.2767388280672862,0.9053549992185972,0.48940737670486895,0.4545450369773258,0.577981276951928,0.336681589966698,0.3488572381246842,0.3370638111798403,0.3961938177820838,0.3202609475540296,0.3800460582879655,0.34727935719693215,0.24852359028022852,0.011027265248537185,0.009849165889231832,0.006154615232650825,0.08733790156710251,0.009676199001804636,0.02085602283069798,0.026710716165450298,0.009159811470038429,0.021765272715242673,0.009191542987145751,0.011330962266400325,0.020686312080500244,0.01894018791337861,sadness
32,0.11232790988735919,0.06129113581788534,3.0130544348582218,0.21338434880530144,135.73324245921484,1.1094547182442218,0.013518855632425292,0.18990625000000003,-24.628332836126177,1.2170204352270282,-0.6816921494481719,-0.34036107136840016,-0.5418683188970107,-0.2768347957819485,-0.19809017882769167,-0.5008530573743775,-0.1800243986855733,-0.06815359499435923,0.06368459011491048,0.12753160330509214,-0.19415712295303636,0.015188299566008093,0.005093730044446662,0.00910619538967468,0.034023748872253,0.012962499098526169,0.014460130492057337,0.027931621928951118,0.006781437730188243,0.01370223402269547,0.014767382181448921,0.010427318091361194,0.011137575766351283,0.023902386652535274,0.0357451921783562,0.0678810022613557,0.2779376380663004,0.037387549103739925,119.29017666724258,0.4468452161991804,0.007326124116063037,0.08340562890190963,2.6896806103706283,0.9453663439268026,0.8205174716618816,0.4455538837547198,0.48977331243706634,0.38676572464439657,0.392524340913695,0.40448550976545544,0.47586091762291505,0.3687692503209926,0.42625605255508514,0.3884638282686504,0.3737727230118516,0.028050190047490643,0.007576076366797396,0.012831236837853692,0.04408875467945176,0.021006398376710197,0.01801113028610825,0.034447881564511854,0.009439827123049034,0.01597408313030997,0.017139640815781586,0.013940424500896513,0.01679851497246458,0.01266415271875297,sadness
33,0.1266896120150188,0.038709211844248706,2.9886457369571953,0.2180574481410709,132.63039711997837,1.0520641178001213,0.01441261652573954,0.19466666666666668,-24.70462013614943,1.3247399987304973,-0.845420353300915,-0.17944740985778754,-0.5720048687025169,-0.2826234448312183,-0.05907713223943121,-0.5766908210133467,-0.41904220680160886,-0.30609274301809375,-0.192499639065029,0.34402046273467546,0.14010941794879497,0.0061250035646088575,0.0028157248780034,0.010881787150267419,0.0254343262582508,0.027239467462598966,0.030723189012941163,0.025283742095768853,0.006166368773449428,0.012031251685653869,0.010046004682748131,0.009639223483796545,0.004540957082427861,0.0229535425814025,0.06282273660886638,0.04313641911521477,0.3464188522178128,0.057112412044204114,124.05761877101207,0.508804703663381,0.008013210742309878,0.12836515032068818,2.278790042626457,0.9715238491813355,0.6082479236497794,0.40517039686451417,0.4899615960456527,0.5072335172915585,0.34505748184074303,0.4017696962809434,0.35221530572829857,0.3451388805375117,0.47004429988515056,0.42658521702492114,0.3181821972066499,0.007197399109140901,0.004796394647685653,0.017401212576765922,0.03626221148054359,0.034271738098503216,0.03368447378261089,0.03283890398545481,0.01057424194333433,0.017535920317454035,0.014330642989395778,0.01429598637482292,0.005010641642604623,0.012266916519880794,sadness
34,0.11187421777221526,0.05519277260544518,2.969249856347803,0.20681924464437235,159.07244506404865,1.0539725278902214,0.012845295677988193,0.18990625,-24.44915150707483,1.1527001691787058,-0.5184563939841642,-0.4993183304504914,-0.8876063421209418,-0.015973507640185642,-0.06715046186848361,-0.5550281231381569,-0.28570509785791676,-0.03432758261836961,0.14906560623771764,0.3539196106283269,-0.07370345743092135,0.006944146186712459,0.005638858496313716,0.006323284010741887,0.018120633423624403,0.015875628785036143,0.031090280250303633,0.02309828188184763,0.011675171372654829,0.01562454448696477,0.009244758521860812,0.01181810409427894,0.007876532699733364,0.021436021308207813,0.035641947394656245,0.04679708223292321,0.2897873572187816,0.03504196900569564,130.1000695187925,0.3825513038889759,0.005613971116272829,0.07266485913030402,2.0990756402364754,0.7678242811917466,0.7184080096989339,0.39041538905930634,0.48670545108991214,0.4610356736841781,0.47615737787184864,0.450690956124049,0.3766281947503077,0.40162603149473236,0.3407119630724578,0.3289516250026616,0.32024696073025816,0.008945412803899752,0.011179254654057166,0.007888572089533887,0.023542568893026673,0.02135852044092622,0.038911026128582604,0.02490867167301848,0.02148575901254609,0.014231398593573759,0.010703157297027541,0.02008645451719687,0.008916011272649897,0.011451707106030367,sadness
35,0.10832290362953692,0.03318661137536123,2.99433618799501,0.21173909806737956,128.89450125474588,0.9608232803194281,0.014164249841923219,0.17625000000000002,-25.523722093780943,1.5188189015194982,-0.24859778827244824,-0.2982680158752033,-0.8376170857026168,-0.17346665339741837,-0.21275737990865684,-0.5533348223167265,-0.3565665445691865,-0.1095932132745748,0.1575526042906094,0.23711566709331405,0.12431262710416915,0.0046418522951886376,0.0030430355870535047,0.007190332153600241,0.03733450271339937,0.020072969513291516,0.02287837917040332,0.03290777975142529,0.004823830725060937,0.023774331275095217,0.01082462013254873,0.007135403609189943,0.0053040663499755655,0.025406886747691378,0.044547547267685686,0.04362982732313683,0.34719469579925205,0.036366780627546356,114.66723959261817,0.42380789821903897,0.008646621590731646,0.08508653436794078,2.5560941964584853,0.7478427668249799,0.7615758428164644,0.408833626340183,0.43144527783425635,0.47100498855571943,0.5064462714580017,0.3973591064017133,0.32805702170811113,0.40917564571964155,0.41397493765982035,0.27442497092719587,0.2802776821439782,0.00435565808282807,0.004620106396169064,0.009639735625890444,0.04566735906172069,0.030124329986674313,0.02943951575556581,0.034188657421288314,0.00679988903481971,0.027138876459675287,0.014096646093714922,0.00870418047475644,0.0062693110445670025,0.01240869816138719,sadness
36,0.08832092747513338,0.001961984858900262,2.9729100927098857,0.1944378069461176,92.97325843780546,0.6860643880557464,0.011533571971624282,0.11783947368421052,-32.58569409501205,2.381717875151464,0.1193371365550738,0.5614058997237381,0.20476085335425745,-0.04948373680479505,-0.03873127084595045,-0.11749721171639962,-0.40971794249511506,-0.2683202623327633,-0.13175544679899967,0.04960064133540972,-0.10569903673834662,0.02205653795544622,0.001796498489989712,0.03760147895207393,0.07590781312468194,0.03709012991655714,0.00879934754569751,0.01297101648497898,0.00229079591321032,0.005568814049861443,0.012742333149052815,0.021387341438205604,0.0036783989789935844,0.028725829522524716,0.048611303583444024,0.005338167029823014,0.25862397395178377,0.05619395387017582,94.04140957685587,0.56786157264316,0.006465678741206855,0.11410169108064303,3.1171387300162055,0.9300040916234427,0.8135277462119559,0.44461495821658437,0.4842237534014309,0.28382463116295364,0.31578515865137313,0.30161478400523617,0.3047064080567911,0.24148528361332397,0.22884823340207086,0.24116679355170678,0.21514948656459584,0.025332154824437802,0.002818546473393679,0.03241183215370126,0.05836129357260335,0.03027372773813968,0.007714589551482182,0.012676888717302954,0.004293487026841522,0.007491655352316308,0.012106013284576483,0.018642208745389195,0.005748506025941084,0.01367672628848975,disgust
37,0.12459587642447797,0.0025989419183725902,2.9916609035662183,0.2285593280262535,99.92506497187799,0.9527630586268684,0.00968008255342441,0.19130131578947368,-31.105047959589275,1.9668440095906745,0.015344439867608587,0.33817689714148125,0.07053346267593033,-0.11526943546064974,0.18502188728043295,0.052649778552835216,-0.5099028686418592,-0.09814745053012251,-0.13228713214210513,0.15648137562320102,-0.17685039341281378,0.01983382108633033,0.0016874780154613063,0.0334241316147879,0.04714710379618527,0.026203893720226135,0.011972939653346325,0.01752618048052727,0.00437255326065037,0.006284054387114911,0.013777934704511085,0.021521813473155713,0.002496076571576004,0.023182851169079848,0.06674955494001958,0.006321382577526516,0.37602410385325935,0.0654712702104792,94.37601543594971,0.5847378207062743,0.004962271209595349,0.14923385996024038,3.9981925434420544,0.8847468913346624,0.6605866569315029,0.5157583125021643,0.4085382077176048,0.35231967307280054,0.5078486938642441,0.41778292678458506,0.24938985850935294,0.3184539850102855,0.31646515217523374,0.28745692256976246,0.1982923939822742,0.02711475939342587,0.002318434254412351,0.033205069265988596,0.04793087978035097,0.025425620925863812,0.012855071266348318,0.019202651643504935,0.00678706877096538,0.008744417761107397,0.01388591985192358,0.01958258901980304,0.004413007771347362,0.012338094012887917,disgust
38,0.09607469863645346,0.006898849722351335,3.081466758021434,0.2039873438283945,78.41938753259672,0.7826830702989271,0.008919863288386457,0.13100131578947366,-32.314109092634126,2.0930322618531325,0.12011023107450351,0.4925963702346423,-0.07991343106527146,-0.18417218196061982,0.11854941859549255,-0.30786307377664446,-0.42762144512442635,-0.07235267337876836,-0.31883538734014144,-0.014644052262619412,-0.08152701289777091,0.03566141861426049,0.001605665574071646,0.028942520497351208,0.07949717359279188,0.034179595830087395,0.009546976103964329,0.008495554003142964,0.0032533314314666766,0.0055803437045995755,0.009027976410002587,0.02032551093634593,0.004468918319698265,0.03158112292674412,0.03557100388369889,0.010227273612337436,0.17641323707973924,0.031840992790815065,45.73471423825215,0.40776147530830176,0.005730204788520186,0.07159973472717536,2.9783557902723965,0.6837831185107646,0.5144924658670196,0.4425541705908973,0.3422386199161039,0.37704761071499393,0.44097586316857446,0.27015218370701255,0.3593105202544834,0.28623452229161345,0.29805174510562144,0.1981017106834926,0.19408406009860696,0.0391520435967395,0.0023271852376312878,0.019931120840813856,0.055902784927397274,0.03267658672102271,0.011888910192812883,0.0057462200729422805,0.0037830053590308345,0.007171798725368818,0.0076869546975067956,0.019952104778977145,0.006791134466043512,0.013205071152000486,disgust
39,0.12379536921151439,0.006742005095141958,2.993739678789688,0.22452247154907434,93.18823316511725,0.9258836652651409,0.010244295187551678,0.18171875,-32.5446571508556,1.8542689005991653,0.01311282053423024,0.5588347121393651,-0.028481228121197133,-0.02412933189011239,-0.01801438015534386,-0.25671995459493413,-0.3623738014564488,-0.17284785625192253,-0.20720580635305613,0.06299773944373777,-0.1464858331751177,0.019632239559167118,0.0035242964697099963,0.04171323517723922,0.06442595733962489,0.029881636766752727,0.010823355163535772,0.010479444632050798,0.004411261209525677,0.007355712343715966,0.009586583365111836,0.015352260250809371,0.004386367300894705,0.02598526664707651,0.06650774120556535,0.011172884541858696,0.2360668310822791,0.059935564229816135,93.1484297449327,0.5719688496067993,0.00691994873585175,0.1536081516904765,2.6145189367808426,0.8686168436767124,0.5792675786398164,0.3828149765145243,0.4753265339236721,0.37711261929811124,0.3666692526027944,0.27212536584210467,0.283720837289602,0.2475863961845218,0.21288105681574798,0.1887434646792105,0.2616665009139852,0.02100817483112172,0.0052635835791170985,0.036857546840751744,0.05055643607701374,0.02627016621360367,0.011264224625184564,0.008960302420446088,0.006887391417217791,0.008904920952244877,0.010663500478689652,0.010881274744386635,0.006752524243036335,0.011779799827158838,disgust
40,0.0868116395494368,0.011275670726486439,3.015018740839963,0.20087658362674404,131.17623253478484,0.718602401617058,0.013091304270651135,0.12178125,-30.52437796083491,2.162809528671182,-0.014462388526725677,0.4541061900701896,-0.11745964430432504,-0.11159081390301004,-0.009363755400933694,-0.05454256974342214,-0.4744576001393741,-0.09491686576094704,-0.14410126480220767,-0.01619658625575852,-0.19708704724453863,0.023442292443560664,0.007312193498466072,0.0348121243888808,0.06885179618100525,0.035615446438902916,0.01467816942465152,0.011374881492026498,0.0016757603702861855,0.0034789342234721682,0.012557292833852627,0.026382644030702333,0.00545355443243213,0.03137539289167155,0.03655894982857291,0.018819508735808236,0.2548439219403531,0.04160790513645805,145.95746798329787,0.4558526127697502,0.01134435409301673,0.08379574574668083,3.716508293527779,0.60639809553488,0.6907776956882077,0.5281953022485478,0.5494603360568352,0.4358627204446001,0.3531228632822042,0.32909169838216507,0.2670801837113415,0.3520628662463805,0.22194246555391775,0.20236619146805457,0.21351788848643163,0.023525356678288156,0.01925159313512576,0.030378959102316035,0.0589762667972967,0.03675945687892031,0.019547391745070763,0.013289854423064715,0.002033983257958594,0.004781405655624719,0.01348969421452971,0.024483817838441987,0.009676761470075842,0.012565033999852683,disgust
41,0.15897964560964364,0.009305868272966093,3.0493090309358997,0.27378728579706996,106.30803739978896,1.2436405769844434,0.008170155699037207,0.2568815789473684,-30.765285719320435,1.3923005785511342,0.0940724605286153,0.3521996974321996,-0.09615144221028886,-0.07022568447942737,0.14946316329671738,-0.06985978330132421,-0.5480596675566222,-0.04278855387889597,-0.36357247550172944,0.12563876797450063,-0.13244284357084676,0.020590513776061227,0.0028834564755609187,0.03199837513839053,0.03813306432420489,0.01952678975863578,0.006948630215355309,0.010370127076439552,0.004530142331903986,0.0057335869707973094,0.013403167551762565,0.026737150198608985,0.0034996535788270494,0.02212788322714205,0.06756872935536232,0.01928623080046308,0.27563528180444974,0.06436203995343558,143.08525566523116,0.6077766236761621,0.00591900629161878,0.15060479588394274,3.9681787798321806,0.9739425819076786,0.8467499346302855,0.5374111181014175,0.33605982873403734,0.31511497858538084,0.3722333861082676,0.34470163070501225,0.2498850810308077,0.3106128107249878,0.2514772401456254,0.28861572498817367,0.24278687083578512,0.02436116859777655,0.004686049509709404,0.03513087532119637,0.036573892810849176,0.016829352754512666,0.0067940516931277225,0.009344209337241985,0.006018969299951822,0.007769604480549525,0.019915447162495308,0.03205691315182206,0.007305710418171726,0.01181125636446741,disgust
42,0.08669169795577807,0.018369556114138173,2.9458313325188983,0.19075246516375233,125.58749726166796,0.6542399843749541,0.014196795386729003,0.1324375,-27.95949601966393,2.429457845629686,-0.5318914011728654,-0.1444307148817471,-0.07543703432400038,0.08328623754690469,0.04339569905561954,-0.062084228525117434,-0.14143892003231726,-0.09151586628875014,-0.12608162065579392,-0.013404852687443439,-0.067741026647778,0.012740915726367041,0.006668812775230529,0.05815627942316964,0.031624485320056246,0.027159109400823084,0.018210266196056014,0.06288495579736923,0.0038545946162329542,0.006611684625645092,0.008180634616171512,0.01806972733102541,0.0056278260933727104,0.031453799204666615,0.032059711836792654,0.033117898197780125,0.3160618593089887,0.04211340289680778,89.15965273633088,0.33631202870173715,0.0048134899308998275,0.09394982129316755,2.0028499424908577,0.5422715042990477,0.45067612001145124,0.34525621054937633,0.2639511541840695,0.21631079696163766,0.2865608176705275,0.20440226180865814,0.21217385895867882,0.19812148026817655,0.18151780480680355,0.20684106333059252,0.1730868771830029,0.010274606773492337,0.009044187931993686,0.03991510839371153,0.010418041973955178,0.012122721284340601,0.014716130385338089,0.04456785547627651,0.003805991318034361,0.00895286892043519,0.0069378465203100564,0.011974294523181937,0.005598337103473831,0.012001881630175943,disgust
43,0.15125156445556948,0.05293729332918084,3.1643202264454446,0.27374917872356186,128.81575805331263,1.2041115614248505,0.011061149201008737,0.26696875,-22.984626357711583,1.9467014213574902,-0.45964765000686963,0.14650384560205454,-0.15822955052990498,0.01698846592309759,-0.12460746282689797,-0.20398596680359082,-0.35903160874036844,-0.22422745315762782,-0.2465633712249917,-0.0659903614380152,-0.2024966246892689,0.025689974559186632,0.0036659626076958806,0.025152483533217154,0.026986272660987458,0.028166878288486102,0.02044202210537,0.01670354835257723,0.006247105161887497,0.008121237611547497,0.011955921422380677,0.013020671050589334,0.006428422212096559,0.023342301074962733,0.10495508153336838,0.03601734479582787,0.1565293174176956,0.08462104410397508,172.62484312585462,0.5022104263748023,0.006698254689894985,0.20729545262630306,0.9569732993296411,0.5354189464436264,0.6540016172863359,0.3690103791786782,0.29802695278529173,0.2924060857814448,0.31777325841646276,0.3002170903550522,0.27226869343561627,0.30490082211658737,0.3016217455841871,0.32516948806169266,0.4552252221065671,0.03461284699034397,0.006309218842574298,0.02782086808073247,0.03770356105770552,0.03374881174516087,0.027768578925720093,0.0192550065884693,0.014599747580630016,0.01061048935462102,0.015444881869634126,0.014154543842108248,0.008508986248830725,0.013664994262363181,disgust
44,0.1381727158948686,0.05936335778730584,3.200351169795525,0.2748122858684489,99.32586252311982,1.1230795909241482,0.011813859322643621,0.25227314814814816,-22.71612830309407,1.9786873528594218,-0.48622913264847173,0.20108204156824816,-0.17007433348469778,0.04699616572546813,-0.3387797111702089,-0.14099913107286396,-0.25712663605625036,-0.2298386184809408,-0.24673063731070077,-0.23596231607536045,-0.0977596816687017,0.020178656480326868,0.00810344647445494,0.029639255840309294,0.029518397647366284,0.04539632616555839,0.01737085030209569,0.00944310322305389,0.003985845097328006,0.005337853818774718,0.011809751920203332,0.015330593065102057,0.007701482919278163,0.028218758309835407,0.09154160159360353,0.03213373357156884,0.14407845315320092,0.07782824669558344,64.42930905117413,0.5297284532905256,0.005113187095202758,0.21874786365636967,0.7233599786606314,0.6732106034395304,0.558663632623637,0.4054918208917437,0.36531023248360556,0.3579380842438951,0.3029468389901946,0.2935219393690409,0.27635190302732976,0.349521914295988,0.3294540907462212,0.3273516981621806,0.4103133117788284,0.028833238390466042,0.0113452382277899,0.033499905922978274,0.03773538185698617,0.05413938803156504,0.024901186298983417,0.010503630656303949,0.007185313873369875,0.007017373716896906,0.02027973069160589,0.021833803009828862,0.012172875513303127,0.013153523271599585,disgust
45,0.14371846386931034,0.0702059374315395,3.157382672078381,0.2750474568146661,109.51363116870115,1.2326908271049768,0.011026954684215322,0.2730171052631579,-22.57005205830064,1.8731885742984524,-0.4340583719764538,-0.07039826574358368,-0.20032146716088714,0.10160327917551923,-0.014815474620732258,-0.11561706090119014,-0.41352550671755245,-0.2663052955141483,-0.14161925279847712,0.15552803948416624,0.00797323234273883,0.015626170359251252,0.005171958095665305,0.021811819417577878,0.018526215890018034,0.028481823694438302,0.02585869594311587,0.027499111277355975,0.005129022119559031,0.007722486261431463,0.009575096796079086,0.01425651914013619,0.00381238727124007,0.023205989311646434,0.06110101631354041,0.04597092086313546,0.17948274343719123,0.05987199750151798,75.6289211955035,0.39652099690785436,0.006072195723251304,0.16739800527663978,1.0399045073019735,0.5654071365852817,0.6624163513616289,0.4361986019261064,0.4606932728097231,0.44174918886521625,0.35297872266885155,0.43643321764550924,0.340447612695534,0.33257303558223217,0.33328116141810743,0.4413132624906518,0.32682004244990426,0.024968935096264872,0.007609987142173566,0.02701017416578457,0.02438870265471272,0.03034611797064295,0.03464289352270647,0.04088375748462314,0.00898506101200747,0.008722358464374821,0.012775889048784933,0.01674740708982342,0.004346752605438445,0.01291200482430085,disgust
46,0.10705047976637462,0.07813978939012976,3.0383859352813603,0.20337226599639588,188.89536298532377,1.0261842438706874,0.01101294608522124,0.16533333333333333,-27.64319536807089,1.453072021768073,-0.5442982851854441,0.2941996328771683,0.24008452909586997,0.506144536701436,0.09859173443718727,-0.11159286117932277,0.12237866730706376,0.285702383533028,-0.09681684173482676,0.0849238256369263,0.021075790785008975,0.012437819833879206,0.010392938733988001,0.03813976620916106,0.00825881598829886,0.015649650732550386,0.007900168668290927,0.053173294456276034,0.008409633768066652,0.011121481871358889,0.013914276611713433,0.02591753037236601,0.01200728543295769,0.026515470022877397,0.04700667640926435,0.07018992466801295,0.28371571951787905,0.04437038954181286,218.31722044557887,0.5238623336878941,0.0064415217908712795,0.09091040448497599,2.1307943606915525,0.7424104306456195,0.7013559015645657,0.33794164359953044,0.3485607520283807,0.30519710086503443,0.2827805889593505,0.30026370792449697,0.35072508468670893,0.2996078203350602,0.24275897678762134,0.20486121190846363,0.15226853909185414,0.023468533911549502,0.017351313877106807,0.04422832993521761,0.010246526239619523,0.01357313369422144,0.011528827668857723,0.052707531200982184,0.014901283644570829,0.01625860175834348,0.012443535690473656,0.025279414920862543,0.0181917470151796,0.015313678190435921,fear
47,0.1226941571701469,0.03690397195105151,3.047845164759746,0.23985623181417778,87.85003014353052,1.0263843874486356,0.013251903200840886,0.21534342105263157,-29.413829644569756,1.169224633114172,-0.45970240425751124,0.17110800203052873,-0.0814561374523178,0.3088919043459553,0.21252962722407345,-0.1480592118480486,-0.010783839473257256,0.12534970102366189,0.1340243177573578,0.12292608458600132,0.058134119777195334,0.005260980965594924,0.0023000621534906515,0.016394495652727277,0.004365027194594872,0.009932244713819299,0.009498954510163603,0.06726884442015842,0.01450679394502295,0.01095173704524884,0.01676915868251948,0.027627885081563757,0.005237600156712247,0.027653186726655093,0.05360723259666846,0.04611409762937947,0.23627203485491216,0.058329973679983216,74.57735751946066,0.5231626294638593,0.009560587005045043,0.13990844404459776,3.4390484732389863,0.858431992175668,0.726152416669058,0.5059769848539669,0.5004156057786565,0.3467414640854395,0.3696918208232112,0.3812366228493541,0.3748104538646343,0.2623927032640282,0.3106400489068122,0.22984975028977522,0.20825825797441827,0.006347048057245205,0.002537699391240375,0.01826554593407308,0.004688326875242278,0.009214254720739562,0.0157524896478801,0.05954249610569122,0.02388656392931946,0.012042646109420893,0.01995117742796526,0.031245155811342296,0.009180706679320926,0.014048127126749774,fear
48,0.10481852315394245,0.04941010425614048,3.1090825359064787,0.22340967767675565,155.590630003432,0.9899340168235004,0.014081764686261206,0.1785,-26.06385469263348,1.4382071177941649,-0.4822206500902195,0.011341926980518993,-0.575776849148554,0.3361658157500294,-0.2193492174461774,-0.34131187325360796,-0.3738026090763041,0.04606167266195815,-0.18418548211992322,0.2406789072215183,0.22063964671741845,0.005771660705952656,0.002459376427964909,0.055715593161093625,0.01665057721679653,0.014933666692924135,0.02457022422363297,0.03599198156193174,0.006387619592760654,0.016789115903298055,0.012529110197410426,0.015793288935153478,0.00310573037350809,0.030149030177820165,0.03967184420015271,0.0518735297996937,0.20241103676131725,0.0531720596730525,149.32549521510327,0.4218568241883511,0.00987583308418509,0.10714197751810883,2.649104582798882,0.7428838230805715,0.6247451238809619,0.4066283938852413,0.4232658509010943,0.3938009692205777,0.4125282946692735,0.28521444032487864,0.3592898214178774,0.3319877763898619,0.32307308340760377,0.3929164506300888,0.29506947071149814,0.007916729327871042,0.00454453788911741,0.0550703833372897,0.028951038122378755,0.018307805454518194,0.03065392448558518,0.026244722816221523,0.009196100310195625,0.021246029749755934,0.02174019193214673,0.027079542496262588,0.0045959351577161,0.016251801866426357,fear
49,0.11647371714643305,0.07916694892391096,3.0978513626555926,0.22102155057918568,202.61732422462129,0.9769105275158378,0.011676063979095253,0.17515625,-27.561708887257083,1.0010245473539177,-0.8167412120732424,0.1955803752136592,0.06268780159162676,0.19431792204680748,0.45520515004060313,0.07908256959363028,-0.12665986889242184,0.008877354947024742,-0.013265487109426842,0.16957215959468303,-0.07928361899412417,0.007883008893032228,0.02016273626136592,0.016611209712871982,0.005576615870513819,0.016732900302613457,0.013166297185666288,0.06581737645248986,0.0060643843865329896,0.012292452409125527,0.012163710736292034,0.017082522523623835,0.004470565024767244,0.03219482121506405,0.034233634724704,0.08269401221158576,0.21831955436031306,0.04278723105434885,211.43030081497585,0.3474853504560815,0.00834389890006736,0.07078215081249495,2.4368932879149003,0.6141612796743496,0.5844681975847873,0.6331493524739814,0.39651061856527414,0.4808121720844177,0.3553253424724987,0.4237144982670839,0.34376124334784997,0.4492823410443597,0.2976822385534319,0.28065489030996343,0.20958448165933352,0.012286175135998645,0.02923132270919527,0.015896393415458288,0.009198931815997612,0.021497648160495715,0.022922187732190555,0.05525205381989459,0.014884360739262461,0.02455298794792891,0.01763523558534943,0.018256597798533857,0.008464778779227303,0.016870377389183885,fear
50,0.07531289111389237,0.017207006817153737,3.031834716865582,0.17644368137096098,78.68709443200218,0.6539861723467736,0.009831909408326664,0.12280427631578947,-25.545588862042028,2.4073828483255006,-0.16120018223556393,0.7204498863245363,0.1537808090138848,-0.04401911326928864,0.242635557450321,0.2923581936875569,-0.126715115872247,0.08826582106930597,0.08152960887986577,-0.055629340404292855,-0.049191512371835666,0.013087769336793483,0.0025160117387223197,0.06569112354506974,0.006559319128866311,0.010474057093984277,0.004748563494552172,0.11429265002725472,0.0017961814596947632,0.005819329907998088,0.016571652168525228,0.04777632657179337,0.005028489786643456,0.04246710995014157,0.039020889664080155,0.02096124258495907,0.19572997497185252,0.050824445922381375,44.066953172890194,0.33926786245332696,0.006221182324357434,0.08319048681109045,1.6876101929674205,0.5271554162871326,0.4017080123052632,0.4690657392925268,0.2720327883100585,0.27930098030158246,0.23181620644533024,0.22626196055182227,0.22761859456789174,0.18395855259412294,0.1749307855369618,0.16612762295087433,0.1714298235478944,0.015053202373356379,0.0046267488339140125,0.046537569385973795,0.005357740991321651,0.008812738762430107,0.005611858367165697,0.0709676866534594,0.0032559464510353913,0.007197723895949665,0.013266005597118484,0.03614626814897648,0.010642485318325665,0.014967833348309787,fear
51,0.07675219023779724,0.025443399829591484,3.041600463365617,0.19737446679719275,108.65179674584157,0.7134680031651373,0.014955825609107737,0.112,-26.499935309094194,2.195456290696194,-0.5845379689983065,0.09652753111978392,-0.037905986653565336,-0.07984374866912815,-0.21404953069872346,-0.01878632545196749,-0.5773487772338898,-0.16360195854806192,-0.12442566370169965,0.3455912962120462,0.4110369433452581,0.007355708943652838,0.002261839943021602,0.025502676139320227,0.008160603556950514,0.029912544323923485,0.05669071876939136,0.07888303901677451,0.0026397579252837224,0.014008833575043728,0.002964503893573164,0.013515475182319278,0.009957500362909884,0.03983861292885759,0.033975891509976375,0.025994741751973343,0.31157104871647995,0.04497685978176722,73.22496431704016,0.3252523596554846,0.009301319518573763,0.07212731470101506,2.2295325734931306,0.5577067714193223,0.6340475088704629,0.6380149382095998,0.4010364143968486,0.302388651459682,0.4506467452112197,0.327041203837701,0.2857010336748817,0.30198083985157115,0.3601005093587575,0.31570638934566886,0.2464979834740928,0.012304254050041012,0.0048566605191050815,0.028966571993483365,0.013346862609106286,0.03260254933596945,0.05462777664004279,0.07107374942925217,0.004698531451750489,0.022784481064707745,0.0033630881440884614,0.018106049232694137,0.02072640684830394,0.017086615739727855,fear
52,0.15838383505697912,0.026830596347804565,3.1628994092162026,0.2673390343266971,96.90321065750308,1.2361239996265536,0.009291368439499658,0.3002845394736842,-25.52965200728873,1.5205435439337,-1.127291745098097,-0.3850673874455364,-0.06609660939808348,0.4582254641694259,0.23179325653436217,0.46315918813616386,-0.5908455937079697,0.2944073346692696,0.05606281567882819,0.12370564640488886,-0.09738884149415801,0.006958737132273476,0.005037417449615299,0.007323676559935933,0.007767325450101355,0.004895679734645111,0.05598511308553716,0.036878342885704685,0.01895041180899256,0.0032491654191259857,0.0036217600097777597,0.00735078032728101,0.004439956156534697,0.027987460287996868,0.06047636617426772,0.029340725729573497,0.22898578367525702,0.04413897003316536,109.02227109969722,0.4523197031186005,0.006694838233007727,0.17185338101821104,1.1450565408438127,0.4546571447461263,0.3976882664116709,0.30345887869227617,0.3226392112466424,0.34722700668725054,0.3075715178591232,0.33791696336896054,0.33514934701246274,0.3063886576501143,0.2417246734405793,0.25052449964240725,0.26249487437345964,0.01154190510365391,0.008683854059812592,0.011364371349263143,0.01389242263428309,0.0051250489370358605,0.04879328230032765,0.045259427444668564,0.0365866088740294,0.004378998667080905,0.0040290581972179645,0.008621106519435175,0.005151186579637929,0.016811543031404523,fear
53,0.15026595744680848,0.023610940413204877,3.0870786924908424,0.24396229911111122,63.057092375635655,1.3517248622314095,0.007328621429609873,0.23140625,-28.264403341514083,0.5272546526389137,-0.6630702823141041,0.11667325244393986,-0.08182267110555277,0.1823413570200058,-0.005526698689368843,0.1032806747353036,-0.02685843209554368,0.18666952738753192,-0.04201470369857653,-0.031897324036277236,-0.049543656498411554,0.009913535099172713,0.004740391956661446,0.01711649384043342,0.01975957611710684,0.00895994515166194,0.005112386155270593,0.038396347868094635,0.004192145292349458,0.02033503531213054,0.011942663354216818,0.01572991438583899,0.008496615305671276,0.021337433890075766,0.042607474804165074,0.02938251206940524,0.20742758788535742,0.041922382070566956,68.0708071547741,0.4120492023867126,0.0043474371587868335,0.07346324232892279,3.1587025208211266,1.1055109299655266,0.6684932113416366,0.45741102188448857,0.4623089680768592,0.2762760255357603,0.3146699445507603,0.2577971731379809,0.24293403641578132,0.24467756586470588,0.17066242213823732,0.19139471803998298,0.214683536361502,0.013029400791589847,0.00722841347619005,0.017091833469843748,0.02168727534379249,0.01063685418258473,0.00684940971050034,0.04391638426155693,0.005775422570683993,0.02211237828574249,0.013639653428593515,0.014339039240806643,0.011648220430263234,0.012243035170160847,fear
54,0.13780119886700481,0.1271129822192061,3.027091984373568,0.25528655537239464,159.2167308073281,1.192527457047013,0.014265288029853556,0.2265605263157895,-23.695832643438514,0.9073311616063802,-0.9992945334255268,-0.008675615456553687,-0.028040341509364353,0.20520245467060066,0.016418015061700642,0.01974174970812872,0.11775855183914415,0.08124556600872829,-0.15812182130871538,0.10841463911351079,0.08968391312384365,0.011277465809559682,0.004633212087637655,0.015551752697549357,0.013227687914571604,0.013970759112567932,0.010557435295371249,0.024486169414117152,0.004005799646591925,0.007947736379925924,0.012172408482613289,0.019207017581620585,0.010139669267108615,0.01929027194246734,0.0561284411108127,0.1056409186883156,0.31275045992425643,0.05633926012055011,221.30869055090722,0.48592634246128547,0.009021439137769451,0.12941014390558211,1.8016899357674805,0.9074154530524254,0.5566525197400358,0.4645376814459846,0.47684017751068336,0.43305613030382906,0.519555687763563,0.3884211619238345,0.49672437482442733,0.37969945298792973,0.3792571485495645,0.3030770285785447,0.2624762858047642,0.023567125281853896,0.008763405623791902,0.017293592768088294,0.015914875940016445,0.014829603805974392,0.018184098387224068,0.02925217061354417,0.008163743360026187,0.014388764999028612,0.0207237001393727,0.020786983376606588,0.011528524683061845,0.010532414001501882,fear
55,0.0948685857321652,0.04704155610416981,3.0689115355384358,0.19787051045585646,101.13376419088515,0.7995665498508416,0.013248872478220347,0.14009375,-25.677655669189683,2.1495935289036727,-0.5168327194836888,0.18906917748120788,-0.003679524792282375,-0.06421320273775198,-0.1267506540614987,0.20816229389751387,-0.15322307787279085,-0.33486240509346576,-0.21875499730774353,0.09595911343703281,0.21839246007349652,0.01074995874012799,0.008695744121042442,0.045282230303858854,0.018136931190993473,0.03800813823067831,0.03001609460905518,0.05616543731206566,0.001459736168045609,0.0028536080933224553,0.0055793993826842095,0.02480665002946514,0.006611820176858021,0.035113767551341116,0.0373457592294945,0.06353796519983908,0.20973117931863827,0.035057088263194536,105.11949915413892,0.33033322727022724,0.009223292461239152,0.09282428885838859,1.9420621205325568,0.5627935238682252,0.5467103781944505,0.45413593651641393,0.3757237892203918,0.36402843348100294,0.36041579682780545,0.3397006637391963,0.40863455011158933,0.343001369157423,0.22273436621649473,0.23534811607084727,0.30462683788103284,0.013046780508278623,0.01554914474648588,0.04120210213530998,0.022163883576976875,0.04483116253800158,0.04863234501668995,0.053860397116975954,0.0018927129808645796,0.0031050609641634624,0.004669524993795622,0.022878027376381484,0.011992603892574429,0.015816535959897318,fear
56,0.1343345848977889,0.07332205828853189,3.006542818208736,0.2524653951040876,111.21746918360277,1.053865341705844,0.011656760607983306,0.19529166666666667,-24.737021377402147,1.6407985861959962,-0.36054453380442303,-0.019444575443404527,-0.48534957427573583,-0.05624195689750317,-0.08023615725083563,-0.16596425076635282,-0.40475746223743087,-0.32505676368532355,-0.1579948354693543,0.16553866386510666,0.1391767642740387,0.007980928429364757,0.003634304022153812,0.024517465308797396,0.020693890166054954,0.04209847011212576,0.02296257794337289,0.03529416376624237,0.0013583951769511199,0.004163860442246307,0.007741467950537748,0.03245333716489477,0.004876638123021244,0.028851492603582204,0.08590843688560386,0.08927113344737443,0.33204927220129904,0.07463510490965804,100.6003648377477,0.4782791544901223,0.006993913980262324,0.14394940050475868,2.908721204259008,0.5854741143724271,0.6039945106876591,0.5095656179158551,0.5083334957155469,0.34189895605012915,0.33737574019154426,0.3142579854500869,0.5287261111290675,0.45501957112792285,0.31306956790020396,0.28004888939330863,0.33131136696854774,0.01137852011822755,0.005965443641228248,0.02401981605262279,0.030722024651996027,0.03713312307303374,0.03213341922391038,0.037632363003754866,0.0016374690908727329,0.006433471557669262,0.011940771271150582,0.04106351220703879,0.005545467693627228,0.011868767084251232,fear
57,0.11076345431789736,0.037446406501726946,3.0264855032550186,0.23331990290727345,72.23394561983243,0.9181731260543041,0.008142658207537972,0.159625,-26.8187181021048,1.7378745911613602,-0.2257794679906636,0.4220060495283839,-0.06870242491617029,-0.039268234865730355,-0.02512003587669041,0.017152653921581884,-0.060407346053008924,-0.07023933859591733,-0.024985848685341507,0.057759675412876625,0.010326100255694692,0.022186578316529204,0.0015716067944722956,0.04034188082297511,0.013890991784691206,0.01735015138428039,0.007730357295319315,0.09936825058631872,0.002079343710775356,0.003404270087868706,0.01243292835664888,0.03894754314436514,0.005647571557390422,0.03927210997092425,0.04338758509965918,0.06113598368738235,0.24650843459709934,0.045936477294065574,78.35439346376559,0.4340916723270114,0.004016396699498894,0.10854142930794297,3.226971810934438,0.8215014289748845,0.6242135636585672,0.3800841673089787,0.4768166232463555,0.295089000334271,0.3256333611770861,0.35699831060295023,0.2905378963606177,0.3200367216722186,0.2514903138941608,0.26141449120491206,0.2485179165740822,0.024104404194414137,0.0011874230444178199,0.03992518068460674,0.016440747983288078,0.020065694232502845,0.010084463044663625,0.08211928315881109,0.0036200974200839148,0.004836368989339738,0.0159310835961265,0.031672051738483656,0.007827864486900997,0.017954327067199707,fear
58,0.1353573545879718,0.09168414143781103,3.0605302983497564,0.24556026528059047,126.57673739792419,1.1027195156598406,0.010714032061553764,0.22300789473684207,-24.785516048657996,1.6229130643231258,-0.3166831685127506,0.1556374938839871,-0.3834098809197638,-0.4022205024255528,-0.364014758839735,0.08504700476798507,-0.0051724790547767715,-0.05893477955769287,0.21885207752101693,0.0021085233455556884,0.1071623792207829,0.008590730306153926,0.003939196191990975,0.019008234788162836,0.010723649945485447,0.020509896531495646,0.013508765880865498,0.04821506470307323,0.0016845286649508524,0.012574771864208727,0.01992262559117443,0.031608386449769973,0.007195615148543287,0.026433174345873105,0.09028363995701506,0.09334945964346872,0.2512557259147804,0.07999499752557951,125.13563009384185,0.5397081275976914,0.005695711565826001,0.19281188861534476,2.966218205477177,0.5333377211439375,0.7754883762156508,0.4203964657529797,0.5176697075166349,0.41162468045716094,0.4349820795017713,0.3422379800302148,0.3732013366647548,0.43111155627838676,0.28039330009379215,0.28637342679218253,0.3054806351629174,0.008378842600628041,0.00459219233531326,0.018367782938191215,0.017172171319024147,0.02117550189504159,0.023432085519006034,0.05244770491490976,0.0038364161473637914,0.01830277545509352,0.030811159917458177,0.03526979503583723,0.010092890087482573,0.012604492605355625,fear
59,0.15409887359198998,0.07850508677797514,3.0454304203021816,0.2678790722214176,157.5341427213001,1.2970733151833072,0.01140436021928721,0.25325000000000003,-24.990974349369964,0.96409287419771,-0.6594872463370645,0.16373927667726187,-0.5205591386510618,0.042687654075295206,0.21412159063622282,0.0915363851591651,-0.2348636581027012,0.09145728903275033,0.2130509022780705,-0.024983921071634663,0.07266841441528094,0.006950962599393224,0.0029852821600353553,0.021362856289409288,0.008723391434543825,0.01575413279851314,0.008443678528792553,0.05633309668476369,0.004225110519664894,0.007764327358613714,0.01377905688604744,0.0263503296632676,0.006715879166862364,0.026569856990832724,0.05834241456142173,0.08345907065407704,0.25883785482705446,0.05373854725001014,217.7980567993851,0.5916393136522202,0.006082999022786418,0.17204451312285934,2.4209108223652778,0.9628904945237107,0.6710086667480848,0.45259679129848884,0.5345987075247244,0.4815907977230842,0.38324704853033964,0.4290778336406963,0.4542155253131026,0.49219096210186714,0.3141349988825544,0.279253603965307,0.23415086866824386,0.009611305973188308,0.003926314359559117,0.027137005586307314,0.013981841427282557,0.019382167682136853,0.0109143280345392,0.07175664993899207,0.008565286720730826,0.012514964193604785,0.022207300816489913,0.029000571362379074,0.012234042585764068,0.016662781838519162,fear
60,0.12637836769646268,0.11261752154810468,3.120644699261735,0.22777238504041844,71.08315005489027,1.1228612737196615,0.01430333107961905,0.18085690789473685,-23.83361360168871,1.2474953450293134,-0.7887848404987856,0.40232024697383606,-1.0253934517554728,0.039223331435888104,0.14067353349913977,-0.41185187240584203,-0.48107770961961754,0.019927023825561392,0.13519559686952248,0.2601288966242854,0.4168425975506831,0.002997502196122872,0.0027057595159536633,0.013101423018433575,0.009261960060332081,0.009916110088059142,0.009299413669525629,0.06227727468221503,0.02006175218623976,0.0257140495531416,0.008287982264989979,0.011522366314295974,0.0010766682859349387,0.02774107003337841,0.03905693737499535,0.08825745100366507,0.24720650705860897,0.04573052648798913,85.02065648110283,0.34942054931426736,0.00886823356545023,0.065750651400428,1.9926114424700951,0.7010866548235433,0.6534184363854156,0.41298472194236213,0.49771926950120826,0.3331718122690576,0.39671324406491154,0.2800638277941857,0.3173089813328267,0.36333700948731246,0.3646155589906529,0.27327630615079024,0.25804056984347257,0.004368435302533081,0.004006676421643504,0.014928724009458577,0.020738090778116045,0.014991490515155248,0.013954331740552361,0.0747147640126899,0.02727768534631333,0.023720524585276605,0.01630494286683866,0.01866916543710993,0.0012896166504704465,0.01754639369263943,fear
61,0.11481193597259734,0.08260084328914045,3.0709950683601903,0.22298798045677298,98.07062657723631,0.9648932312107876,0.012572999007152585,0.17003289473684213,-24.564597159130706,1.759856111372154,-0.7054535776831691,0.3914470367198047,-0.548520769231882,-0.21719225649425758,0.03825326924407182,-0.20212313832135664,-0.4001513269926855,-0.1314306631661934,0.15104928644758048,0.22967353425401985,0.21430566298949744,0.013318045651177352,0.004430091830267031,0.02831988324911055,0.007237904147949932,0.018618142533544293,0.02024693098792823,0.057276692087686674,0.007580108635947406,0.013410395093912647,0.009026008275589864,0.02191731713806592,0.004572591707568122,0.0290565990821198,0.05131118437012737,0.07692324989993767,0.25969661660718324,0.04855115427095298,99.6017013623008,0.3790419289078843,0.006886155147958495,0.11495282593589558,2.2011650390849966,0.5417519539436654,0.7017097851775745,0.4382960257787807,0.45890953807521473,0.3687526740512232,0.35947011942225704,0.3616741461245404,0.37433372822159644,0.2902241918473213,0.3336362141646281,0.31821939404224536,0.3177476257122875,0.01665681240149877,0.006306380893564947,0.03140294340388334,0.009920494578536696,0.02560743438429791,0.03556162952551303,0.05311204763404681,0.012399548570698403,0.017256058883369237,0.0110578333213316,0.02192479930726985,0.008993828321395883,0.01411587890702958,fear
62,0.14269920734251149,0.08212415962240324,3.0890895256643667,0.25056197220667453,119.6164221643313,1.168530298509877,0.01398613534853429,0.2537916666666667,-23.007816390770955,1.7758962704918553,-0.3244037870715448,-0.14800095484145395,-0.31013436544811873,-0.09811354309432051,-0.0069829979957518286,0.18404370650057508,-0.0949648722877285,-0.23983255599513886,-0.3088668298873587,-0.02221457267212772,-0.30118388171211596,0.026846337730683,0.01573841266381252,0.03614006277390649,0.021404640808108822,0.01134267047629651,0.014084715678031724,0.017121934810198382,0.0030932059178018566,0.006885067144219943,0.006198183821071232,0.013875805735549127,0.004816857850085695,0.02191764151061557,0.09727848218314968,0.06294463923916453,0.25161977822414056,0.09067400088062343,127.21002324783221,0.5497879965279374,0.007993934274769464,0.1921774854249602,1.4872615049358282,0.8379522692556606,1.030504495041613,0.6036772445299681,0.49803898109532696,0.4725739398970208,0.31903811117953845,0.38518075767195364,0.3325087519375097,0.3108184872117619,0.40577557984617885,0.35348533382332387,0.3880197609191742,0.03432320680327251,0.02181887604167618,0.036242609218141125,0.02538772785495766,0.01331274914296556,0.0234210967980084,0.02152606793407194,0.0057589751016473385,0.008290943424504985,0.008001604004918334,0.019081596008084494,0.006459574160026733,0.012037079671277276,hapiness
63,0.13216520650813515,0.04080741890724965,2.9651857048276713,0.2293582895624823,149.32107636095813,1.1248649964949504,0.0322426649867855,0.2240416666666666,-25.157179116605636,1.097033701767167,-0.7676422056121891,-0.5369695284233721,-0.09164726695867927,-0.07504605939232005,-0.4075644341723324,-0.2728513439366534,-0.17279712095223201,-0.1070912611484744,-0.15902621193676572,-0.08891305654785005,0.03305847232121627,0.0098346607207092,0.011142431313758716,0.013681646255942708,0.02071964117086844,0.01802441966402985,0.016725316933572588,0.011265726203598343,0.004736654020712689,0.010005174311085939,0.015721749583252734,0.016584260903849353,0.009478602022934709,0.020720683629482525,0.09740932892647029,0.03001093358848557,0.46175807245059225,0.08945969146565168,127.63286681093768,0.5640656425991188,0.08156141998308925,0.17339423693329178,6.3523510688544995,0.8434545261573718,0.8335057073675909,0.7153007112773196,0.3999102259359543,0.4106844473173581,0.3828420465115218,0.39968506371532114,0.3603730496657236,0.44294735375920147,0.3441756265868557,0.3858032744493039,0.43552763475092005,0.011270705295861145,0.028823205927949697,0.017650571515374112,0.02365822794462526,0.025866156417405667,0.027004878138538867,0.017530226814057335,0.007236427756954558,0.013987129947040386,0.020935760865050723,0.02084665734738576,0.014759126108979753,0.011342187272240992,hapiness
64,0.09737171464330413,0.04956924452199298,2.7228474034790002,0.16594531259671014,215.93722228157392,0.9118160136030988,0.03429951725598423,0.171375,-27.37353195080177,1.6927117109680703,-0.5597599816797021,-0.0023767965188213613,-1.2349117695242138,0.0481251074567145,-0.24275601607800737,-0.3358335156951001,0.07650903316152781,0.4776376794828112,0.06759305529493592,0.12610668629464075,-0.07694313485635615,0.016210784522923627,0.0051751565445024355,0.010643508669627431,0.00342347457961033,0.006509204399808051,0.011395890628058361,0.008653566043980727,0.0018199269180023026,0.013940966492615229,0.030134900551087404,0.03733234773848356,0.02683476084065342,0.020250176517030625,0.029926529602872096,0.0559027144804325,0.5823475036090222,0.0398445153778063,133.05858241313658,0.3328809166582437,0.111103902688746,0.05189872411149926,12.13661210979549,0.4816468676602321,0.3280827923326233,0.33269648486040104,0.7124802910833441,0.42012053227202395,0.3431857823891097,0.33800323276821354,0.26976297721518416,0.3274560736569645,0.29111172688977716,0.28791646303315094,0.20056911206902983,0.02342359161383461,0.006793157611981336,0.012655464405379206,0.0032803695541469826,0.006457572713596103,0.01145430314858932,0.008686281492447968,0.0018815702530503133,0.01367990401905389,0.02462306855992344,0.03733847531425294,0.01717441615408082,0.008594514454195621,hapiness
65,0.12334628812331203,0.027236562753038512,3.064730750313467,0.19519083524915906,96.77025226083833,1.0323517833516471,0.007758147545724309,0.17979473684210528,-25.722687928204426,0.799737189627088,-0.5597509277596991,0.865517865352347,0.03845876572211392,-0.006252882923946523,-0.022545424397687752,0.09504231780402464,0.1197333761893085,0.34296024530052355,0.10579873055445788,0.07844310450883966,-0.05881210318086636,0.010286264763149009,0.002900353435594082,0.04303788957002243,0.007882277886771816,0.025291765413682922,0.005562443622741031,0.020916342448691314,0.0033157180035272168,0.004059299350404557,0.010758458855227061,0.02218819998481935,0.005891459163640045,0.020089050344008524,0.025249627903386744,0.03146271620090211,0.25161750089470025,0.025851249934964182,94.4068664093569,0.29848285744240377,0.004270695100809888,0.05992315031988258,1.8823023093104492,0.6588336113310019,0.4821869403708696,0.26875578721736665,0.2428647943154027,0.262499830488579,0.28317076969217353,0.2564608841560153,0.24557367991712836,0.2871402361969256,0.2825330883629662,0.25693086158125056,0.22191385634723543,0.00854262461808158,0.0026995327404033716,0.03164998353829863,0.007157881172262898,0.022995281066549068,0.005964555325143429,0.01769058590407515,0.00374477542435344,0.004045598911992182,0.009917918439377022,0.020054235578458483,0.00829935897441285,0.009359806612600212,hapiness
66,0.10974134334584897,0.037353027899379734,3.009396613807058,0.16947170847204948,206.20189668852552,1.103369149696796,0.009385325366088012,0.15014583333333334,-24.63771414531614,1.1652856817719368,-1.5953096797986577,0.27138460857744356,0.391112944635624,0.27238776556730737,-0.188554009497741,0.08478749327504083,0.1306679710924926,-0.033943999136223875,0.020072852632276882,0.00017254976555084738,0.027315958548092437,0.016777599724386964,0.01415304753882262,0.021490482816691008,0.008205919751326271,0.011933857257638897,0.008055782342358363,0.010031227487734152,0.006877880294998613,0.01728055855979504,0.01545963214081269,0.01237753706596755,0.007956890497444207,0.015945639865861214,0.012070757857261222,0.03433350168409431,0.2954580831252291,0.01821936719795603,241.26673839424848,0.19262266997615698,0.005263830847519347,0.028814236272219573,1.4631910934396413,0.3597602067954302,0.45708663545259176,0.31669011487991533,0.30627708695020484,0.2408672868878544,0.2698322756642601,0.20127204797606435,0.22954080071295657,0.22422487028408222,0.23977820641642658,0.19788139532730456,0.23180987933441588,0.018326464334003503,0.013876339613087577,0.019283129907059958,0.009661530392751935,0.01154983189717175,0.008443882261046537,0.008827903320275181,0.010361282764880683,0.021177782314042954,0.01872115426761146,0.009029457239490632,0.00873231474828842,0.008464814184887301,hapiness
67,0.10473618338712865,0.051017187469517014,2.719179563483867,0.16972094595885284,215.8428051913839,0.9431875461958881,0.010618421449064573,0.17581249999999998,-23.668408333796712,1.8970717040916711,-0.5963407730403305,-0.04624131861717476,-1.289267481012062,0.03958429025665036,-0.20287779901090608,-0.3499425156917678,0.06435277501815763,0.5549385728809483,0.07220288322069901,0.13755845609230558,-0.07182987607357234,0.01690331824948415,0.0053243631843592695,0.010977809015789985,0.00459797277077466,0.007793517986710647,0.011508012621878849,0.010305133816581245,0.002658664066049317,0.014579293683750657,0.030887066571042107,0.028528945704126507,0.02831268453893012,0.0185796924949194,0.022669840109099594,0.058172170594167315,0.6048632927764265,0.023017587167274624,147.4102772927113,0.26486766209913737,0.006458190708133115,0.04129287561030591,1.5255322875917563,0.38121214425003086,0.45755757868277336,0.27720396572811223,0.6179749049491005,0.36280693581604706,0.2947708940632913,0.3299555754862894,0.275842949752408,0.3456321161007633,0.31467786926103186,0.27613252039439945,0.21048973136621318,0.024009164364139326,0.006078419790351862,0.011185130986554015,0.005281142502015912,0.008119896006165077,0.010966374629685086,0.010652185566862999,0.003043133382863753,0.01362230578967316,0.024774256829445344,0.02419319967447105,0.018547137233023415,0.006642160067297131,hapiness
68,0.15710015809235228,0.04206466612434053,3.0454422329348665,0.22604507429884613,87.09178820064794,1.2726634175165186,0.008605436384171057,0.24394407894736841,-24.854836842315052,0.18966909623044598,-0.6249036087443718,0.5846515599775648,-0.7026073105707348,-0.21407138624172062,-0.17736425333278388,0.05011776039935993,0.02754290162511129,0.19072417033449546,-0.009015529287676155,0.1669108834839101,-0.06786074951661808,0.009952418753233326,0.005271238724314589,0.029755455753494957,0.012313612031499166,0.010720378279875428,0.012434692425771113,0.011518870160666824,0.003995193421897539,0.007379665959735587,0.00925418071150253,0.009748017658811177,0.007620634438121991,0.013681790895613319,0.03892774601166279,0.041853239428513433,0.28687315225271914,0.03794277992943307,139.78912196542814,0.3948096519931398,0.004928442083784132,0.09539268386112928,1.9522770661123545,0.6423699102545514,0.5689318729811447,0.4940751293782639,0.3715699766556906,0.23826846095559234,0.22523312671359447,0.30279362630944695,0.25485764364832764,0.33710027839949447,0.30584167667560347,0.19580126815676097,0.2529598185814168,0.009325605317965205,0.007231843035467359,0.028081083116384804,0.016706133227506248,0.013031414000299859,0.01615387864319858,0.009019993621451,0.004081675178804713,0.006977034274429129,0.008247987960369014,0.010014323414482044,0.010423914585128032,0.008681679857104064,hapiness
69,0.1742177722152691,0.028892649811930876,3.115220302898854,0.2345812828384167,76.43537630589665,1.6129673089450918,0.007279264447327458,0.28725,-23.462961217640345,0.37188265164815615,-0.6072599529811537,-0.16450307053135962,-0.9991930818575488,0.3268760660051788,-0.16831580297812368,-0.0949829583328027,-0.26543799425791054,-0.201201241574682,-0.34804845265117446,-0.14851656086884477,-0.2171889138441699,0.013354279948222967,0.00858680306597343,0.0137108690498571,0.020565620466172135,0.00926754889031893,0.008323205148427867,0.012118899717970949,0.004014202103543288,0.0041494532428232945,0.008736735162441028,0.016281953649439646,0.015062547265245281,0.015163158528755804,0.051003931006074775,0.017908085114900156,0.20982436224513623,0.05087185434074273,84.74354127894674,0.33298637512360235,0.003628986981540215,0.1055296158774333,1.1671109179004115,0.5170780065637374,0.6687466494650373,0.3032004937442297,0.48847393752004836,0.32995613860635625,0.27587184928810987,0.2751920593228206,0.27465711321622893,0.3071103694662971,0.27926676789322585,0.2819407138060193,0.2755315615657597,0.013684564603337028,0.009223435474427135,0.014599836068145196,0.01653202187596456,0.007488156397571312,0.008092381819782427,0.015364906624759868,0.0054942943472046715,0.005584669452244024,0.01148499292419948,0.019717381801763117,0.017320976320404077,0.006121351854886156,surprice
70,0.13485112970160068,0.04430285408616538,3.165632459826501,0.2517037850100058,107.0284591084721,1.1183233594230337,0.010836422815980863,0.22971052631578948,-22.708441594529113,1.9111528989155897,-0.29579137679306444,0.017148257896682235,-0.17875870613971898,0.3339942091259823,-0.11589311301349782,-0.076850266560859,-0.2819523446332798,-0.07389269970129843,-0.03416139709611156,0.07591948812547547,-0.2581398193639981,0.019668348216263856,0.004843280368072181,0.02111068014206119,0.014177177668918604,0.017157709869170035,0.028441728840656277,0.033107259322105495,0.00897484963929297,0.010505813416854703,0.013970487612482041,0.018684198262790986,0.006632458071989065,0.024421158518841735,0.07847270323168146,0.02350546596317276,0.14620619528313666,0.06985293228863698,97.7014615508146,0.4689830674880463,0.006727527929048205,0.17454200766524952,0.7953548918782232,0.49088781319557384,0.3637096864793282,0.3077720658209576,0.3772374384419351,0.41303167002668095,0.3865980128261962,0.26065750960132256,0.3193577828016554,0.28917620100174757,0.3224752049436721,0.36049078554125136,0.3125619270228824,0.031164066701924172,0.003840770400056693,0.027941516868191286,0.020568260730689743,0.01685603720270723,0.04359477433610061,0.04917813643662441,0.020805447087056457,0.014746905784454607,0.014843193675343145,0.018061050503619815,0.008593961351894316,0.013996854047852366,surprice
71,0.16355861493533583,0.030643142536443676,3.19035198648575,0.2616339666414053,88.71843631421991,1.243857038317495,0.009642272361685543,0.2759583333333333,-23.152888504625327,1.8859930535770228,-0.3338895169250266,0.18358899595929326,-0.2038686734026424,0.20178145704322747,-0.14089885918966494,-0.2249452603031212,-0.2147334102459534,-0.02219564246554502,-0.10464168934253042,-0.12735950391458567,-0.30366611427847795,0.02228992312034353,0.005642439682964482,0.026862435926405803,0.0176029134298035,0.012812997053767037,0.013321581103160294,0.019042521007656705,0.0068384044001664895,0.011006779984129597,0.01723446867958531,0.014339083683783739,0.0066088844859096,0.016903132884625246,0.11651700596566665,0.018746377127870032,0.11563007240958055,0.10009543553354001,76.05809887365564,0.6166537727519351,0.0048079684517294725,0.23534397938617246,0.9279176593304514,0.8027423864563904,0.5485873389430495,0.4157675748843677,0.37710713879297764,0.30441195444070585,0.2947853657971074,0.27352841626679353,0.2767560345873982,0.2387029870387867,0.21685368871339447,0.2911960500075148,0.2796072067295683,0.023507945283564285,0.007055207133509653,0.032965081644824167,0.021661055033235038,0.010618833436743058,0.020593288599964135,0.018001663548519214,0.008057256138466144,0.013663651633275174,0.01763386848971243,0.016663789788494872,0.008634945684562764,0.010497127890853603,surprice
